2;Aardappel KROKETTEN DV (10 kg);Stuk;10.3
3;Aardappel DENNEAPPELTJES.10kg;Stuk;14.75
4;Aardappel FRIET (10 k) vers VG;Stuk;11.24
5;Aardappel HERTOGIN (10 K);Stuk;13.9
6;Aardappel NOOTJES (10 K);Stuk;12.75
7;Aardappel PUREE (10 K);Stuk;6.84
8;Aardappelen (Bintjes);Kg;0.46
9;AARDAPPELEN (spicey pat)  (10 kg);Stuk;13.54
10;Aardappelen Charlotte;Kg;1.41
11;AARDAPPELEN FRIET geschild;Kg;0.65
12;Aardappelen friet ongeschild;Kg;0.51
13;Aardappelen Grenaille;Kg;2.05
14;Aardappelen KRIEL;Kg;2.05
15;Aardappelen kriel vers, geschild;Kg;0.93
16;Aardappelen NIEUWE;Kg;0.71
17;Aardappelen Ratte;Kg;4.82
18;Aardappelen Rozeval;Kg;1.85
19;Aardappelen TOPINOMBOURS;Kg;2.56
20;Aardappelen Truffel (Vitelotte);Kg;4.56
21;Aardappelen Zoete (bataat,yams);Kg;3.61
22;Aardappelkubus;Kg;1.1
23;Aardappelzetmeel (200 gr.);Stuk;0.85
24;Aardbei extract;Liter;61.22
25;Aardbei snoepjes Haribo;Kg;6.98
26;Aardbeien;Kg;7.98
27;Aardbeien kleine (voor confituur);Kg;4.72
28;Aardbeien(diepvries);Kg;4.59
29;Aardbeienconfituur (375 gr.);Stuk;1.95
30;Aardbeienlikeur;Fles;14.52
31;AARDBEIENPUREE (Boiron);Kg;6.47
32;Aardbeiensorbet;Liter;5.55
33;Abdijbolletje;Stuk;0.57
34;Abdijkaas Petrus ;Kg;13.87
35;Abricotage;Kg;2.46
36;Abrikozen blik à 3L;Stuk;5.25
37;Abrikozen gedroogd(250 gr.);Stuk;2.98
38;Abrikozen vers;Stuk;0.74
39;Abrikozencompote (375 gr.);Stuk;3.06
40;Abrikozenconfituur (450 gr);Stuk;1.02
41;Abrikozencoulis (spuitbus Boiron);Kg;3.67
42;Abrikozenpuree DV (Boiron);Liter;4.91
43;Advocaat;Fles;13.48
44;Afdekgelei neutraal;Kg;2.06
45;Affila cress;Stuk;1.18
46;Airbag farine (Sosa);Kg;37.77
47;Airbag granet (Sosa);Kg;25.6
48;Airbag Patata (Sosa);Kg;28.39
49;AIRELLES (diepvries);Kg;4.5
50;Aka Miso (donkere sojabonepasta);Kg;8.38
51;Alpro soja bakken en braden;Kg;5.6
52;Alpro Soja bakken en braden;Liter;6.02
53;Alpro soja yoghurt;Liter;4.18
54;Amandelessence;Stuk;6.87
55;Amandelkoekjes (Destrooper);Kg;34.7
56;Amandelmelk ongezoet;Liter;2.99
57;Amandelmelk zoet;Stuk;11.51
58;Amandelpasta witte;Kg;41.53
59;Amarenakersen;Kg;7.08
60;Amaretto;Fles;17.82
61;Amonium bicarbonaat (alkali);Kg;2.3
62;Ananas;Stuk;5.49
63;Ananas baby;Stuk;4.07
64;Ananas blik à 3L (55 schijven);Stuk;5.12
65;Ananaspuree (Boiron);Kg;7.86
66;Ananassap;Liter;1.17
67;Andalouse mix (DV 2,5 kg);Stuk;3.98
68;Andijvie;Stuk;3.3
69;Anijspoeder;Kg;13.26
70;Anijszaad;Kg;66.3
71;ANSJOVIS GEMARINEERD;Kg;9.65
72;Ansjovisfilets blik (47 gr.);Stuk;1.17
73;Ansjovisfilets gemarineerd in olijfolie;Kg;9.2
74;Appel bloesem (ravier);Stuk;10.99
75;Appel likeur (Bols);Fles;13.05
76;Appelcompote stukken 3L;Stuk;5.42
77;Appeldiksap;Liter;9.32
78;Appelen COX (kleine);Kg;1.33
79;Appelen GOLDEN;Stuk;0.42
80;Appelen GOLDEN;Kg;2.08
81;Appelen GRANAAT;Stuk;3.8
82;Appelen GRANNY SMITH;Kg;2.38
83;Appelen Jona-Gold;Kg;1.32
84;Appelen Pink Lady;Stuk;1.05
85;Appelen Renet;Kg;1.53
86;Appelflap;Stuk;0.91
87;Appenzeller ;Kg;35.24
88;Apricot Brandy;Fles;15.34
89;Aquavit;Fles;19.03
90;Arachide-olie;Liter;2.93
91;Arbequina olijfolie;Liter;26.24
92;ARDENS GEBRAAD;Kg;6.4
93;Argan-olie;Stuk;26.84
94;Armagnac;Fles;24.49
95;Aromat;Kg;10.77
96;Aromat fijne kruiden;Kg;9.43
97;Arrowroot;Stuk;11.21
98;Artisjok;Stuk;2.89
99;Artisjokbodems blik (0.5 l);Stuk;1.95
100;Asbach Uralt;Fles;10.25
101;Asperges - korenhalm;Bot;3.59
102;Asperges blik (430 gr);Stuk;2.48
103;Asperges geschild DV;Kg;8.93
104;Asperges groen (bundel);Stuk;4.73
105;Asperges Mech.Bot0.5 K 10a12 st;Stuk;5.74
106;Asperges soep los;Kg;4.75
107;Asperges wilde groen (ravier);Stuk;5.89
108;Aspergetips(wit);Stuk;6.15
109;Aspic;Kg;19.47
110;Asti Spumante;Fles;7.02
111;ATL. GEROLDE TONGFILETS;Stuk;0.53
112;Atsina cress;Stuk;2.68
113;Aubergines;Stuk;0.87
114;Augurken (grote zoetzuur);Liter;1.14
115;Augurken (kleine à 2 l);Stuk;9.34
116;Avocado (ready to eat);Stuk;1.97
117;Azijn  Champagne (0,5l);Stuk;3.39
118;Azijn - groene citroen;Liter;26.25
119;Azijn Affligem kriek;Fles;12.11
120;Azijn Alcohol- (1.5 L.);Stuk;0.69
121;Azijn Balsamico (0,5 L);Stuk;1.65
122;Azijn Balsamico wit;Fles;2.06
123;Azijn Banyuls;Fles;10.58
124;Azijn Cabernet Sauvignon;Liter;23.44
125;Azijn Cassis;Stuk;6.93
126;Azijn Chardonnay;Liter;27.56
127;Azijn -Chardonnay;Liter;27.56
128;Azijn Cider- (0.5 L.);Stuk;0.85
129;Azijn Dragon- (0.5 L.);Stuk;1.31
130;Azijn Frambozen- (0.5 L.);Stuk;0.89
131;Azijn Honing;Liter;66.6
132;Azijn rijst (Otafuku su);Fles;5.75
133;Azijn sushi;Stuk;6.67
134;Azijn Umeboschi;Liter;1
135;Azijn Wijn- rood (0.5 L.);Stuk;0.91
136;Azijn Wijn- wit (0.5 L.);Stuk;1.02
137;Azijn Xeres- (0.35 L.);Stuk;1.25
138;Azijn zwarte Chinese;Liter;20.16
139;Azijncultuur;Stuk;10.12
140;Azijn-noten;Liter;17.98
141;Babelutten;Kg;7.31
142;Babyleaf (ravier);Stuk;3.18
143;Baby-peertjes (Vidacal)blik;Stuk;7.45
144;BAILEYS;Fles;17.16
145;Baileys;Liter;17.16
146;Bakbanaan met zwart vel/rijp;Stuk;0.79
147;Bakken en braden Alpro;Kg;5.6
148;Bakken en braden Debic;Fles;5.05
149;Balsamicocrème 500ml;Stuk;6.88
150;Bamboeplakjes (blik);Stuk;1.87
151;Bananen gedroogd;Kg;110.72
152;Bananen GEEL;Stuk;0.43
153;Bananen mini;Stuk;1.74
154;Bananenlikeur;Fles;14.04
155;Bananenpuree(Boiron);Kg;6.24
156;Banyuls;Fles;19.8
157;Baquette junior meergranen;Stuk;1.13
158;Barbecuesaus;Liter;8.92
159;Basilicum (bondje);Stuk;1.33
160;Basilicum (paarse);Stuk;1.8
161;Basilicum Thaise;Stuk;3.63
162;Basilicumcress;Stuk;1.86
163;Batida de Coco;Fles;11.49
164;BAVETTE WESTVLAAMS ROOD;Kg;12.8
165;Béarnaise VERSTEGEN;Liter;6.5
166;Beaufortkaas;Kg;22.5
167;BEENHAM gekookt;Kg;7.4
168;Beenham gekookt  ONTBEEND !!!!!;Kg;7.4
169;Benedictine;Fles;19.38
170;Bergamot puree DV Boiron;Liter;8.35
171;Bergamotearoma;Stuk;16.89
172;Bessen BOS (125 gr.);Stuk;3.54
173;Bessen BRAAM (125 gr.);Stuk;3.28
174;Bessen RODE-AAL (150gr.);Stuk;4.99
175;Bessen roze (30gr) gedroogd;Kg;48.36
176;Bessen roze op sap ;Liter;17.1
177;Bessen STEKEL (125 gr.);Stuk;5.8
178;Bessen VEEN  VERSE GROTE;Kg;11.18
179;Bessen Veen gedroogd;Kg;8.58
180;Bessenjenever;Liter;12.06
181;Bicarbonaat;Stuk;5.23
182;BICKY BROODJES;Stuk;0.4
183;Bicky saus bruin;Fles;3.33
184;Bicky saus geel;Fles;4.16
185;BIEFSTUK (omloop,onglet,schorsvel) (dik);Kg;13.8
186;BIER TRIPEL BIO;Fles;1.4
187;Bieslook;Stuk;1.83
188;Bieslookbloemmetjes(ravier);Stuk;7.89
189;Bisque (0.5L.);Stuk;1.4
190;Black beanssaus;Fles;2.93
191;BLADERDEEG (B01);Stuk;2.85
192;BLADERDEEG BOTER (B51);Stuk;4.7
193;Blanke fonds Knorr;Kg;16.23
194;Bleu Danois ;Kg;12.66
195;Bleu d'Auvergne;Kg;11.13
196;Bleu de Bresse ;Kg;29.78
197;Bloedsinaasappelpuree (Boiron);Liter;6.61
198;Bloedsinaasappelsap;Liter;4.3
199;Bloem;Kg;0.99
200;BLOEM - GERST;Kg;9
201;BLOEM - GIERST;Kg;8.3
202;BLOEM - HAVER;Kg;11.25
203;Bloem - kastanje;Kg;17.56
204;Bloem - rogge;Kg;2.49
205;Bloem - spelt;Kg;4.79
206;BLOEM - SPELT VOLKOREN;Kg;4.98
207;BLOEM - TEFF MEEL;Kg;8.1
208;Bloem (glutenvrij);Kg;1
209;Bloem volkoren;Kg;1.56
210;Bloem voor bruin brood;Kg;1.37
211;Bloem voor pizza 00;Kg;1.78
212;Bloem voor wit brood;Kg;1.49
213;Bloem Waldkorn;Kg;4.84
214;Bloem zelfrijzend;Kg;1.19
215;Bloemen Afrikaantjes (ravier);Stuk;7.7
216;Bloemen citrus-afrikaantjes (ravier);Stuk;5.99
217;Bloemkool baby;Stuk;8.24
218;BLOEMKOOL DV (2,5 kg )minute;Stuk;6.69
219;Bloemkool Paars;Stuk;4.85
220;Bloemkoolroosjes Bonduelle DV (2,5kg);Stuk;6.69
221;Boekweitmeel;Kg;6.35
222;Boekweitzaden;Kg;16.1
223;Bokkenpootjes;Stuk;0.96
224;Bonduelle roerbakgroenten 4 seiz. 2500 gr DV;Stuk;13.37
225;Bonduelle wok thai DV à 2500gr;Stuk;10.08
226;Bonduelle world mix mediterranea 2500 gr DV;Stuk;21.4
227;Bonekruid;Stuk;2.44
228;Bonen - BOTER GELE;Kg;8.12
229;Bonen EXTRA FIJN (gekuist);Kg;11.36
230;Bonen rood (blik 0,5 L);Stuk;0.91
231;Bonen rood easy bag à 3 L;Stuk;3.9
232;Bonen SNIJBONEN;Kg;8.89
233;Bonen WIT (360g);Stuk;1.2
234;Bonen wit gedroogd;Kg;3.33
235;Bonen wit,cannellini,brick (Bonduelle);Stuk;1.2
236;Bonitovlokken;Kg;90.28
237;BOOMSTAMMETJES ;Stuk;0.87
238;BOONTJES DV (2,5kg);Stuk;8.22
239;Borage cress;Stuk;2.19
240;Borlotti bonen (blik 2.6 L);Stuk;4.01
241;Bosaardbeien (100 gr.);Stuk;10.42
242;Bosaardbeienlikeur;Fles;17.51
243;Bosaardbeienpuree DV (Boiron);Liter;15.48
244;Bosbessen DV;Kg;5.92
245;Bosbessenkonfituur 450g;Stuk;2.73
246;Bosbessensap;Liter;5
247;Boschampignons mix gedroogd;Kg;29.8
248;BOSDUIF;Stuk;6.15
249;BOSVRUCHTEN diepvries;Kg;3.72
250;Boter - toereer Isigny;Kg;7.85
251;Boter ongezouten;Kg;7.96
252;BOTERKOEKEN  assortiment;Stuk;0.5
253;Bounty;Stuk;0.54
254;BOUQUET des moines;Kg;20.27
255;Bourgogne rood;Fles;7.12
256;Bourrache bloem(ravier);Stuk;7.69
257;BOURSIN aux fines herbes;Kg;19.47
258;BOURSIN natur;Kg;17.42
259;Braambessenpuree (Boiron);Liter;9.62
260;Brandnetel;Stuk;3.75
261;Breseliennenootjes;Kg;9.63
262;Bressac Cognac;Fles;17.63
263;Bressaola;Kg;21.4
264;Bretoense vissoep;Stuk;12.57
265;BREYDELSPEK (fijn gesneden);Kg;7.48
266;BREYDELSPEK (stuk);Kg;7.48
267;BRIE Damse ;Kg;17.34
268;BRIE de Meaux;Kg;23.21
269;BRIE Lorraine 60%;Kg;7.32
270;Briochebrood gesneden ;Stuk;4.32
271;BRIOCHEBROOD NIET GESNEDEN;Stuk;4.24
272;Broccoli;Stuk;1.37
273;Broccoli Chinese (phak kana);Kg;18.76
274;BROCCOLI DV (2.5 k);Stuk;10.83
275;Broccoli scheuten (ravier);Stuk;3.43
276;BROOD bruin niet gesneden;Stuk;1.28
277;Brood meergranen klein NIET gesneden;Stuk;1.75
278;BROOD Tramezzino bruin;Stuk;0.95
279;BROOD Tramezzino wit;Stuk;0.89
280;Brood wit gesneden;Stuk;2
281;BROOD WIT in de lengte gesned.;Stuk;1.28
282;BROOD Wit niet gesneden;Stuk;1.28
283;BROODJES ménage bruin;Stuk;0.45
284;BROODJES ménage wit;Stuk;0.45
285;Broodverbeteraar;Kg;13.13
286;Broyage 50/50;Kg;9.97
287;Broyage pur (amandelpoeder);Kg;17.66
288;Bruchettamix;Kg;40.42
289;Brugge Dentelle kaas;Kg;24.87
290;Brugs beschuit;Kg;28.07
291;BRUGSE Blomme ;Kg;20.23
292;Brugse zot blond;Fles;0.84
293;Brugse zot bruin;Fles;0.89
294;Bruine fonds pasta KNORR;Kg;15.06
295;Brunoise 5 groenten DV;Kg;1.28
296;Bruschetta mix;Kg;40.42
297;Brusselse kaas;Kg;1
298;Bubblegum roze;Kg;1
299;Bulgogi (Koreaanse bbq saus);Liter;8.6
300;Bulgur;Kg;3.34
301;Burrata;Kg;24.48
302;Butternut ;Kg;1.83
303;Cabrales(Spaans geit);Kg;25.91
304;Cacacoboter  Belcolade;Kg;10.9
305;Cacao Creme;Fles;8.47
306;cacao creme witte;Fles;8.47
307;Cacaopoeder;Kg;15.7
308;Cachaça;Liter;23.72
309;Cactusvrucht;Stuk;1.45
310;Cajun ;Kg;25.2
311;CAKE 4/4;Stuk;3.37
312;CAKE GEMARMERDE;Stuk;3.79
313;CALAMARES FRITTI;Kg;5.13
314;Calvados 70cl;Fles;17.77
315;CALX mugaritz;Kg;38.42
316;CAMBOZOLA;Kg;15.9
317;CAMEMBERT;Kg;19.72
318;CAMEMBERT 250g;Stuk;4.93
319;Campari;Fles;21.12
320;Canada dry (Ginger-ale);Fles;0.61
321;Canneloni;Kg;5.44
322;CANTAL;Kg;16
323;Capellini;Kg;2.36
324;CAPRICCIO AL SALAMI MILANO;Kg;25.1
325;Caprice des Dieux;Kg;21.35
326;Capucinebladeren (ravier);Stuk;4.79
327;Capucines bloemen (ravier);Stuk;7.69
328;Carambole;Stuk;2.25
329;Carciofini's(artisjok in olie);Stuk;10.65
330;Cardomon-poeder;Kg;52.2
331;CARPACCIO DV vgsn 20x70 gr;Kg;16.8
332;Carré confituur vers;Stuk;1.6
333;carré confituur vers bakplaat 40/60;Stuk;53.76
334;Casinobrood wit ongesneden;Stuk;2.29
335;Cassispuree (Boiron);Kg;7.62
336;Cava (Spaanse);Fles;7.5
337;Cavaillon (Charentais);Stuk;3.33
338;Cayenne;Kg;24.6
339;Cêpes (gedroogd);Kg;76.16
340;Cêpesjus in blik;50 cl;5.34
341;"Champignons "" MINI Eringy""";Kg;19.84
342;Champignons Akkerzwam;Kg;32.45
343;Champignons Anijszwam;Kg;32.45
344;Champignons beukenzwam bruin;Kg;1.67
345;Champignons beukenzwam wit;Kg;1.67
346;Champignons blauwpoot(paarse ridderzwam);Kg;43.21
347;Champignons CANTHARELLEN grijs;Kg;29.45
348;Champignons de Paris (bruin);Kg;5.32
349;Champignons ENOKI;Kg;21.9
350;Champignons Girolles;Kg;34.59
351;Champignons golden enoki;Kg;20.6
352;Champignons GROOT;Kg;3.98
353;Champignons KLEIN;Kg;4.24
354;Champignons OESTERZWAM;Kg;7.73
355;Champignons PIEDS DE MOUTON;Kg;41.09
356;Champignons Portobello (grote à 10 cm);Stuk;2.71
357;Champignons Ridderzwam-mousserons;Kg;43.21
358;Champignons Shi take mini;Kg;28.82
359;Champignons Shii-takee;Kg;18.87
360;Champignons TROMP. de la MORT;Kg;49.05
361;"Champignons""ERYNGI""";Kg;14.92
362;Chaource;Stuk;23.92
363;Chartreuse groen;Fles;18.94
364;Chaumes;Kg;19.9
365;Chavroux 150g;Stuk;3.17
366;Cheddar;Kg;16.1
367;Cherry;Fles;8.47
368;Chester;Kg;6.31
369;Chèvre 500gr;Stuk;7.21
370;Chiantiwijn;Fles;7
371;Chiazaad;Kg;27.5
372;Chicorei gedroogd (Pacha);Kg;4.28
373;Chilisaus (pikant);Fles;2.81
374;Chilischeuten (klein);Stuk;113.15
375;Chilli cress;Stuk;1.88
376;Chimay blond;Fles;0.7
377;Chimay bruin;Fles;0.7
378;Chimay kaas Grand Cru;500 g;9.45
379;Chinese -5 kruiden ;Kg;56.26
380;Chinese rijstvellen 22cm;pak;2.87
381;Chipirons (mini-inktvis);Kg;8.25
382;Choco nutella;Kg;9.4
383;Chocolade bakdruppels ;Kg;11.61
384;Chocolade calets - capuccino;Kg;10.32
385;Chocolade calets - caramel;Kg;10.91
386;Chocolade calets - honing;Kg;20
387;Chocolade calets - limoen;Kg;20
388;Chocolade calets - sinaasappel;Kg;10.45
389;Chocolade Callets 811(zwart);Kg;7.34
390;Chocolade Callets 823 (melk);Kg;6.72
391;Chocolade Callets CW2 (wit);Kg;8.08
392;Chocolade Caraibe 60% ;Kg;18.78
393;Chocolade Crisp pearl donker;Kg;13.51
394;Chocolade crisp pearls wit;Kg;14.38
395;Chocolade Gianduja;Kg;14
396;Chocolade Guanaja;Kg;15.24
397;Chocolade Ivoire (Valrhona);Kg;16.93
398;Chocolade Manjari;Kg;15.38
399;Chocolade repen donker;pak;1
400;chocolade staafjes;Kg;5.75
401;Chocolade STICK REMBRANDT;Doos;19.43
402;Chocolade-koffiebonen;Kg;13.1
403;Chocolademousse porties;Stuk;0.55
404;Chocoladeschilfers fondant;Kg;8.37
405;Chocoladeschilfers melk;Kg;7.88
406;Chocoladeschilfers wit;Kg;6.05
407;Chocoladetaart 8 pers. vers;Stuk;13.18
408;Chocoladetruffel;Stuk;0.44
409;CHORIZO;Kg;9.8
410;CHORIZO (varken,Duroc);Kg;14.1
411;Ciabatta;Stuk;0.74
412;Ciabatta mini;Stuk;0.5
413;CIDER;Fles;8.59
414;Citroen geconfijt met zout;Kg;6.1
415;Citroen verbena;Stuk;4.42
416;Citroenen;Kg;2.66
417;Citroengras ;Stuk;0.43
418;Citroenmelisse;Stuk;4.59
419;Citroenpuree (Boiron);Liter;6.39
420;citroensap;Liter;6.01
421;Citroensiroop;Liter;10.41
422;Citroensiroop (Monin);Liter;10.41
423;Citroensorbet;Liter;5.47
424;Citroenthym;Stuk;1.75
425;Citroenzuur (acide citrique);Kg;3.5
426;CLAMS;Stuk;0.6
427;CLAMS;Kg;13.25
428;Cocacola;Stuk;0.61
429;Cocktailgarnalen met staart;Kg;22.7
430;Cognac keuken;Fles;19.92
431;Cointreau;Fles;27.86
432;Comté;Kg;23.13
433;Confituur - Aalbessen (450 gr);Stuk;1.83
434;Confituur - Kersen (450 gr);Stuk;2.35
435;Confituur aalbes light bio;Stuk;3.73
436;Consommè Double pasta (1.5 Kg);Stuk;19.13
437;CONTRE FILET ;Kg;12.8
438;CORDON BLEU;Stuk;0.87
439;Cornetto;Stuk;1.46
440;Cornflakes 400 gr;Stuk;2.75
441;COTE A L'OS à 1 kg;Stuk;13.95
442;COTE A L'OS à 500 gr;Stuk;6.98
443;Cottage cheese;Kg;10.5
444;Courgette;Stuk;1.02
445;Courgette geel;Stuk;3.21
446;Courgettebloem;Stuk;2.37
447;Courgetteblokjes DV;Kg;1.97
448;Couscous;Kg;5.77
449;Couscous grove parel;Kg;4.5
450;Couscous tomaat fijn;Kg;4.18
451;Cranberry sap;Liter;3.55
452;Crazy pea (grote doos);Stuk;10.74
453;Crème de Cassis;Fles;12.19
454;CREME PASTEI;Kg;7.6
455;CREPINETTEN;Stuk;0.8
456;Croissant;Stuk;0.49
457;Crosnes;Kg;26.82
458;Crottin Chavignol;Stuk;2.51
459;Cubebe peper;Kg;83.39
460;Cuberdons;Kg;12.01
461;Curacao Blue;Fles;11.47
462;Curacao Orange;Fles;7.37
463;Dadels (250 gr.);Stuk;1.42
464;Daikoncress;Stuk;1.45
465;Damme ;Kg;7.8
466;Damse Mokke;Kg;14.75
467;Dashi - Jiru (Tosazu);Fles;6.9
468;Dashi no moto (vispoeder);Kg;18.14
469;De Koninck blond;Fles;1.41
470;Decorgel (koude toepassing);Liter;3.1
471;Demi-glace (Knorr 1L);Stuk;5.18
472;Desem breekbroodjes bruin(pak à 24 st);pak;2.86
473;Desem breekbroodjes Toscaan (pak à 24 st);pak;3.02
474;DESEM poeder SPELT;Kg;28.3
475;Deus;Fles;2
476;Dextrose;Kg;1.35
477;Dille;Stuk;1.72
478;Dragon;Stuk;1.82
479;Drambuie;Fles;20.35
480;Driezaadjes pistoletje;Stuk;0.57
481;Droge rode bonen;Kg;0.91
482;Druiven ( witte zonder pit);Kg;6.23
483;Druiven BLAUW;Kg;2.96
484;Druiven blik 0.5L;Stuk;2.13
485;Druiven WIT;Kg;4.49
486;Druivenpitolie (1 L.);Liter;9.7
487;Druivensap blauw;Liter;1
488;Druivensap wit;Liter;1
489;Druivensuiker;Kg;1
490;DUIF Afval-karkas;Kg;1.5
491;DUIF Franse;Stuk;6.73
492;Duindoornbessen DV;Kg;24.38
493;DUIVENBORSTFILET;Stuk;7.66
494;Duke of Birkshire carré 1,3kg;Stuk;18.6
495;Duke of Birkshirekotelet MB 500g;Stuk;6.98
496;Dulse gedroogd (zakje 25 gram);Stuk;2.48
497;DUNNE LENDE Westvlaams rood;Kg;24.1
498;Duvel;Fles;2.95
499;Eau de vie Absinth;Fles;39.05
500;Eau de vie Bourgeons de Sapin;Fles;21.86
501;Eau de vie de Framboise;Fles;17.92
502;Eau de vie de Kirsch;Fles;11.41
503;Eau de vie de Mirabelle;Fles;17.75
504;EAU DE VIE DE MYRTTILLES;Fles;12
505;Eau de vie de Poire;Fles;22.89
506;EAU DE VIE DE QUETCH (PRUIMEN);Fles;15.5
507;Eau de Villee;Fles;27.62
508;Eclair (vers);Stuk;1.56
509;Edamame bonen (Japanse sojaboon);Kg;6.18
510;Edelgistvlokken (Dr Ritter);Kg;28.6
511;EEND BARBERIE;Stuk;17.38
512;EEND WILD;Stuk;8.85
513;EEND WILD (afval);Kg;3.4
514;EEND WILD borst;Stuk;2
515;EENDEBORST enkel 300 gram;Stuk;4.42
516;EENDEBORST k.gerookt;Stuk;9.6
517;EENDEBORST k.gerookt long sliced;Kg;51.4
518;EENDEBORST vers Canette;Stuk;2.01
519;EENDEBORST w.gerookt ;Stuk;9.6
520;EENDEBORST w.gerookt long sliced;Kg;51.4
521;EENDELEVERPASTEI (torchon);Kg;58.18
522;EENDENBOUT Gekonfijt;Stuk;2.88
523;EENDENBOUT(vers);Stuk;2.46
524;EENDENLEVER DV  porties van 50 gr;Kg;2.55
525;EENDENLEVER DV  porties van 50 gr;Portie;2.55
526;EENDENLEVER Gerookt;Kg;42.82
527;EENDENLEVER Rauw ;Kg;29.21
528;EENDENMAGEN (gekonfijt);Kg;15.5
529;EENDENMAGEN (vers);Kg;10.5
530;Eendenpastei;Kg;10.55
531;EENDENPASTEI  ficell (rol.à 230gr);Stuk;11.64
532;Eendenvet;Stuk;5.79
533;Ei - geheel (brick);Liter;3.45
534;Eiernoedels;Kg;3.64
535;Eigeel;Liter;6.32
536;Eiwit;Liter;3.33
537;Elastic (Sosa);Kg;73.8
538;Elbly Nieuwe Tarwe;Kg;4.51
539;Elexir de Anvers;Fles;26.25
540;Emmental blok ;Kg;7.97
541;Emmental gemalen;Kg;4.49
542;Engelse saus-Worcestershire KL;Stuk;3.99
543;Engelwortel (angelique) Gekonf.;Kg;28.72
544;ENTRECOTE IERSE RIBEYE à 300 gram;Stuk;7.21
545;ENTRECOTE ZB (Belgische rib eye);Kg;20.45
546;Epoisses;Kg;34.4
547;Erwtaspergescheuten;Stuk;2.25
548;Erwten (gedroogd);Kg;1.67
549;ERWTEN Extra fijn DV  (2.5 K);Stuk;6.95
550;Erwtjes (niet uitgedaan, in peul);Kg;9.75
551;Erwtjes (uitgedaan);Kg;23.2
552;Espresso III bonen;Kg;29.28
553;EVERZWIJN FILET met vlies;Kg;21
554;EVERZWIJNRAGOUT;Kg;5.06
555;Exotische vruchtenpulp(Boiron);Kg;7.05
556;Explorateur;Kg;29.5
557;Falernum;Liter;21.84
558;Fanta orange ( 25 cc.);Stuk;0.49
559;Farfalle;Kg;2.86
560;Farfalle 3 kleuren(strikjes);Kg;2.86
561;FAZANT Afval-karkas;Kg;3.4
562;FAZANT HEN;Stuk;13.5
563;FAZANTENBORST(enkel);Stuk;2.06
564;FAZANTENBOUT;Stuk;2.06
565;FAZANTENPASTEI;Kg;9.99
566;Fenegriek;Kg;16.71
567;Feta blok;Kg;17.15
568;Fetablokjes in marinade ;Kg;6.17
569;Fettuccini ;Kg;7.56
570;Feuilles de brickes (pakje à 10 st);Stuk;1.54
571;Feuilletine;Kg;13.47
572;FILET D'ANVERS Schelletjes (stuk=250g);Stuk;4.53
573;FILET de Anvers;Kg;22
574;FILET PUR (Belgisch);Kg;27
575;Filodeeg;Stuk;3.27
576;Fishermans Friends muntjes;Kg;1
577;Florentine-mix;Kg;18.48
578;Foccacia DV;Stuk;3.41
579;Foelie poeder;Kg;4
580;Foelie(schors);Kg;108.97
581;FOREL LEVEND  (ca. 5/kg);Stuk;1.57
582;Foreleitjes;Kg;94
583;FORELFILET GEROOKT(1 filet);Stuk;1.45
584;Fourme de Montbrison;Kg;19.31
585;FRAMBOZEN  diepvries;Kg;6.4
586;Frambozen (125 gr.);Stuk;3.07
587;Frambozen essence (extract);Liter;60.4
588;Frambozenbier (25 cc.);Fles;0.63
589;FRAMBOZENCOULIS (spuitbus Boiron);Liter;11.52
590;Frambozengelei (375 gr.);Stuk;3.51
591;Frambozenlikeur;Fles;8.81
592;Frambozenpoeder SOSA;Kg;136.65
593;FRAMBOZENPUREE (Boiron);Kg;9.1
594;Frambozensorbet;Liter;6.48
595;Frangipannetaart 40/60;Stuk;53.76
596;FRANKFURTER WORSTJES vers;Kg;8.6
597;Freekeh;Kg;13.4
598;Fregola pasta (geroosterd);Kg;8.8
599;Frituurolie (emmer 10 L.);Stuk;24.81
600;fruit gekonfijt;Stuk;2.6
601;Fruit gekonfijt;Kg;5.86
602;FRUITTAART (croutedeeg) 8 pers;Stuk;8.5
603;Fuere wakame (gedroogd krulwier);Kg;103.4
604;Fumet vis KNORR;Kg;4.05
605;Funny blue alcoholvrij ;Liter;4.95
606;Funny Pisang;Fles;4.96
607;Fysalis(ravier);Stuk;2.02
608;Galangawortel;Stuk;6.07
609;GAMBA  DV (8/12);Stuk;1.66
610;GAMBA 20/KG;Stuk;0.74
611;Gancia;Fles;5.41
612;Ganzenvet;Kg;9.07
613;Garam masala;Kg;26.65
614;GARNAALKROKET diepvries;Stuk;0.98
615;GARNALEN GRIJS GEPELD;Kg;28.48
616;GARNALEN GRIJS ONGEPELDE;Kg;12.4
617;GARNALEN ROZE ONGEPELDE;Kg;12.45
618;GARNALENAFVAL;Kg;4.75
619;GARNALENPASTA;Stuk;8.46
620;Gazpacho;Liter;4.43
621;Geatomiseerde glucose ;Kg;2.31
622;Gebuild meel;Kg;2.49
623;Gedroogde hoorn des overvloeds;Kg;40.06
624;Gedroogde mais;Kg;3.7
625;GEEP (Meivis);Kg;12.97
626;GEHAKT gemengd;Kg;3.45
627;Gehaktballetjes soep;Kg;3.23
628;GEHAKTBROOD à 1 kg !!!!;Stuk;3.95
629;Geitekaas (met korst);Kg;8.95
630;Geitenkaas bio crottin;Stuk;3.42
631;Geitenkaas buche nature 500 gram;Kg;15.1
632;Geitenmelk;Liter;3.25
633;Gel vegetale (Sosa);Kg;43.68
634;Gelatinepoeder;Kg;33.76
635;Gelburger (Sosa);Kg;41.3
636;Gelcrema (Sosa);Kg;32.7
637;Gele biet;Stuk;1.23
638;Gele boterraap;Stuk;1.31
639;Gele kiwi;Stuk;0.81
640;Gelespessa (Sosa);Kg;29.54
641;Gelificant;Kg;16.5
642;Gemalen pizzakaas;Kg;3.79
643;GEMALEN RUNDERSCHENKELVLEES;Kg;3.2
644;GEMALEN RUNDERVLEES (zuiver americain);Kg;6.9
645;Gemar.pijlinktvis;Kg;11.05
646;Gemarineerde gember;Stuk;21.24
647;Gember;Kg;3.54
648;Gember gekonfijt op siroop;Liter;30.12
649;Gember op azijn(Amazu Shoga);Stuk;3.61
650;Gemberpoeder;Kg;20.89
651;GEROOKTE EVERZWIJNFILET voorgesneden;Kg;36.52
652;GEROOKTE EVERZWIJNHAM;Kg;71.8
653;Gerookte knoflook;Kg;18.93
654;GEROOKTE RIVIERPALINGFILETS;Kg;47.29
655;GERST;Kg;3.1
656;GEVOGELTEGYROS;Kg;7.9
657;Gewurztraminer;Fles;12.48
658;GEWURZTRAMINER LES SORCIERES;Fles;6
659;Gezouten boter;Kg;6.28
660;Ghee;Liter;18.9
661;Gierst;Kg;4.7
662;Gierst (Mugaritz);Kg;9.29
663;Gin (1 L.);Fles;23.95
664;Gin Bombay;Fles;26.81
665;Gin Hendrickx;Fles;32.58
666;Gist;Kg;5
667;Gistpoeder;Kg;34.55
668;Gistvlokken;Kg;1
669;Glasnoedels (soja);Kg;7
670;Glucose;Kg;3.19
671;Glycerine;Kg;10.46
672;Golden syrup;Liter;21.5
673;Gorgonzola ;Kg;11.7
674;Gouda Belegen;Kg;12.32
675;Gouda jong (blok);Kg;4.91
676;Goudblaadjes;Stuk;2.14
677;GOUDBRASEM(400/600) bruto;Stuk;5.02
678;GOUDBRASEMFILET à 150 gram;Stuk;1.47
679;Gouden Band Liefmans;Fles;9.75
680;Goudpoeder;Kg;628
681;Grana Padano (300 gram);Kg;15.53
682;Granaatappelpuree DV (Boiron);Liter;9.4
683;Granaatappelsap;Liter;7.67
684;Grand Marnier ;Fles;32.53
685;Granny Smith puree (Boiron);Kg;5.36
686;Granny Smith puree (Boiron);Liter;5.36
687;Granola;Kg;13.98
688;Gravlaks (voorgesneden);Kg;20.6
689;Grenadine (Monin);Liter;11.83
690;Griekse pasta ;Kg;3.04
691;GRIET bruto  1,6 Kg;Stuk;13.17
692;GRIETFILET;Kg;12.81
693;Grimbergen Triple;Fles;0.64
694;Griottes (puree Boiron);Kg;10.93
695;Griottes op cointreau;Liter;15.05
696;GRISON;Kg;18.1
697;Groene meloen Honey Dew;Stuk;3.89
698;Groene peperbolletjes 60ml (op sap);Stuk;1.29
699;Groene tabasco;Stuk;2.48
700;Groene Thee poeder Matcha(Sosa);Kg;284.63
701;Groene theebladeren;Kg;57
702;Groentebouillon (Knorr pasta);Kg;12.6
703;Groentebouillon Knorr vloeibaar;Liter;11.73
704;Groentemacedoine (2,5l);Stuk;5.1
705;GROENTENBURGER (112 gr);Stuk;0.52
706;Groentenfrietjes (Ardo DV à 2 kg);Stuk;5.64
707;Groentenkrustie à 125 gr;Stuk;1.26
708;Gruyère blok;Kg;24.38
709;Gruyère gemalen;Kg;13.16
710;Gruyere plakjes;Stuk;0.9
711;Guargom (zonder gluten);Kg;44.16
712;Guignolet au Kirsch;Fles;12.85
713;Guimauve OLV (Etna);Kg;4.6
714;Guiness (33 cl);Fles;2.8
715;GYROS (gemarineerd);Kg;5.2
716;HAAS gekuist;Stuk;23
717;Hagelslag melkchocolade;Kg;3.18
718;Halloumi;Kg;2.76
719;HAM ARDENSE 1/2 cm dik schijf;Stuk;3.9
720;HAM Ardense MB;Stuk;9.2
721;HAM Ardense ZB;Kg;9.82
722;HAM Cobourg;Stuk;12.8
723;HAM Cobourg schijfjes;Stuk;0.43
724;HAM gekookt;Kg;8.1
725;HAM gekookt schijfjes;Stuk;0.54
726;HAM Gekookt schijven dik à 1 cm;Kg;7.2
727;Ham met been(RAUW gepekeld ger;Stuk;8.1
728;HAM Parma (schijf à 2 cm dik);Stuk;3.36
729;HAM SERRANO (MET BEEN en poot);Stuk;14.1
730;HAMBURGER (GEMENGD);Stuk;0.7
731;HAMBURGER BECKERS 100GR;Stuk;0.52
732;Hamburger mini fijn gemalen 60 gram;Stuk;0.47
733;HARING gerookt;Stuk;1.53
734;HARING vers ;Stuk;1.51
735;HARING-MAATJES;Stuk;1.33
736;HARING-op-azijn PER STUK;Stuk;2.26
737;Harissatube;Stuk;0.9
738;Haver gedroogd;Kg;4.1
739;Havermeel;Kg;10.6
740;Havermout;Kg;2.89
741;Haverroom;Liter;5
742;Haverwortel;Kg;14.21
743;HAZEBILLEN;Stuk;4.5
744;HAZECIVET;Kg;13
745;HAZELEVER;Stuk;8
746;Hazelnoot gemalen;Kg;41.76
747;HAZERUG vers;Stuk;19
748;HEEK Bruto (Mooie meid);Kg;5.53
749;HEEKFILET (Mooie meid);Kg;5.94
750;Heidebitt;Fles;17
751;HEILBOT ger. niet voorgesne(geheel);Kg;24.49
752;HEILBOT gerookt voorgesneden;Kg;34.55
753;Hennepzaad;Kg;38.33
754;HERT BOUT ZB ;Kg;18.8
755;HERT FILET schoon;Kg;30.5
756;HERT GOULASH (voor stoverij);Kg;12.39
757;HERT kôtelet (racks);Kg;33.5
758;HERT schouder ZB;Kg;6.8
759;HERTBOUT 4TECHN DELEN;Kg;18.8
760;Herve ;Kg;19.3
761;Hijiki wier;Kg;96.29
762;Hoegaarden;Fles;0.54
763;Hoisinsaus;Liter;9.8
764;Hoji Blanca Valderama;Liter;24.36
765;Hokkaido pompoen;Kg;2.24
766;Hollandaise VERSTEGEN;Liter;6.81
767;Hommelbier uit Watou;Fles;0.75
768;HONDSHAAI gekuist bruto;Kg;9.85
769;Honey cress;Stuk;2.71
770;Honing Acacia ;Kg;11.02
771;Honing Lavendel;Kg;19.12
772;Honing vast 500g;Stuk;2.94
773;Honing vloeibaar 450g;Stuk;4.18
774;Honingmosterd;Stuk;2.57
775;Hooi;Kg;1.3
776;Hot Dogworstjes 2.5l-32 st;Stuk;21.8
777;Hotelcake;Stuk;2.5
778;IBERICO kroket DV à 65 gram;Stuk;1.4
779;Ice tea;Liter;1.68
780;Ijsblokjes;Kg;0.85
781;Ijskegels (per stuk);Stuk;2.45
782;Inktvis (sepia);Kg;8.25
783;Inktvisinkt 4gr;Stuk;0.47
784;Instantgel (Sosa);Kg;28.52
785;Izarra groen;Fles;13.58
786;Jamaicaanse peperbollen;Kg;49.6
787;JAMBON DE BAYONNE schijfjes;Stuk;0.8
788;Japanse groene theepoeder(Matcha);Kg;284.63
789;Jasmijn bloem (ravier);Stuk;7.7
790;Jasmijnthee;Stuk;6.88
791;Javanais (Debailleul) DV;Stuk;11.46
792;Javanais gebakje vers;Portie;1.6
793;Jenever glas (5 jr.);Fles;11.33
794;Jeneverbes;Kg;34.84
795;Juliennegroenten (DV 2,5 kg);Stuk;3.27
796;Kaaskroket;Stuk;0.66
797;KABELJAUW bruto ;Kg;11.4
798;KABELJAUW SKREIHAASJE met vel;Kg;7.95
799;KABELJAUW SKREIHAASJE met vel;Kg;20.95
800;KABELJAUW SKREYFILET ZONDER VEL;Kg;7.95
801;KABELJAUWFILET 400/600;Kg;13.58
802;KABELJAUWHAASJE  met vel (royale);Kg;20.76
803;KABELJAUWHAASJE  portie125 gr;Stuk;1.88
804;KABELJAUWHAASJE zonder vel (royale);Kg;21.54
805;KABELJAUWMOTEN à 240 gr;Stuk;2.85
806;Kadetje maanzaad;Stuk;0.57
807;Kadetje sesamzaad;Stuk;0.57
808;Kahlua;Fles;11.02
809;Kalamansi puree DV Boiron;Liter;8.7
810;KALFS- Ossobucco(gezaagd) ;Stuk;3.27
811;KALFSBEENDEREN;Kg;2.8
812;KALFSBLANKET;Kg;8.6
813;KALFSCARRE MB (zonder hiel);Kg;14.8
814;KALFSFILET;Kg;27.1
815;KALFSFILET (Peters farm à 1 kg);Stuk;24.8
816;KALFSGEBRAAD;Kg;18.7
817;KALFSGEHAKT;Kg;5.85
818;KALFSHERSENEN;Stuk;5.8
819;Kalfsjus Knorr  brick;Liter;6.58
820;KALFSLAPJES (STUK);Stuk;1.85
821;KALFSLAPJES 120gram;Stuk;1.85
822;KALFSLEVER;Kg;14.1
823;KALFSNIEREN;Stuk;6.2
824;KALFSPOTEN Gezaagd;Kg;3.8
825;KALFSRIBSTUK DUBBEL (0,9 kg);Stuk;15.27
826;KALFSRIBSTUK ENKEL (0,5 kg);Stuk;8.4
827;KALFSRIBSTUK Z.B.;Kg;21
828;KALFSSCHENKEL;Kg;11.8
829;KALFSSTEAK  ( médaillon ) à130 gr;Stuk;2.11
830;KALFSTONG;Kg;9.8
831;KALFS-VARKENSgehakt gemengd;Kg;4.2
832;KALFSWANGEN;Kg;14.6
833;KALFSWANGETJES;Kg;14.6
834;KALFSZWEZERIK HART;Kg;33
835;KALKOEN OSSO-BUCCO 130 gr Bovenbil;Stuk;5.3
836;KALKOENBLOKJES VERS;Kg;8.8
837;KALKOENBORST;Kg;5.9
838;KALKOENBORST  in reepjes;Kg;3.1
839;KALKOENBROCHETTEN à 150 gram;Stuk;1.64
840;KALKOENBROCHETTEN à 175 gram;Stuk;1.89
841;KALKOENRAGOUT;Kg;5.25
842;KALKOENROLLADE 1STE KEUS FILET;Kg;9.15
843;KAMUT;Kg;6.92
844;Kaneel gemalen;Kg;16.02
845;KANGOEROE Filet;Kg;13.5
846;Kappertjes (2 L.);Stuk;33.7
847;Kappertjes-appel 750ml;Stuk;5.28
848;Kappertjes-gepekeld;100 g;1.68
849;Kardomon Peulen;Kg;49.5
850;Karwij gemalen;Kg;18
851;KASSELRIBSTUK;Kg;7.2
852;Kastanje-crème zoet;Liter;6.42
853;Kastanjepuree (0.5L);Stuk;3.05
854;Kastanjes gekookt (bokaal);Liter;1
855;Kasteelbier;Fles;1.32
856;Kasteelbier bruin;Fles;0.75
857;Kataifi 450g;Stuk;4.61
858;KATEN spek;Kg;7.3
859;Keiemse bloempjes;Stuk;6.29
860;Kemiri pasta (notenprod.);Stuk;1.69
861;Kerrie;Kg;17.26
862;Kerriepasta (rood-hot);Kg;7.33
863;Kerriepasta groen;Kg;7.33
864;Kerriepasta(geel-mild);Kg;7.33
865;Kerriepoeder rood;Kg;16.3
866;Kersen;Kg;17.52
867;Kersen MARASCH. met steel 225g;Stuk;1.56
868;Kersen MARASCHzonder st. 225gr;Stuk;1.61
869;Kersen Morellen (Fruitlife);Kg;3.5
870;Kersensap;Liter;4.99
871;Kervel;Stuk;1.72
872;Kervel (Romeinse);Stuk;4.34
873;Kervelwortel;Kg;23.53
874;Ketjap asin;Liter;3.74
875;Ketjap manis;Liter;3.26
876;Kibowi;Fles;9.5
877;Kidibull Appel;Liter;3.72
878;KIKKERBILLEN DV;Stuk;0.72
879;Kikkererwten (brick 500 gram);Stuk;0.8
880;Kikkererwten (droog);Kg;1.84
881;Kikkererwten (zak à 3 L);Stuk;6.47
882;Kikoman light soysauce;Fles;7.35
883;Kikuna leaves (ravier);Stuk;8.3
884;King krab ( blik netto120 gr.);Stuk;12.48
885;KING KRAB POTEN;Kg;40.95
886;KIP CORDON BLEU;Stuk;1.25
887;KIPBROCHETTE 180gr;Stuk;1.75
888;KIPBROCHETTE ANANAS 200 g;Stuk;1.75
889;Kippebouillon pasta (1.5 Kg);Stuk;22.39
890;KIPPEFILETS dubbel;Stuk;3.26
891;KIPPELEVER;Kg;2.7
892;KIPPEN 1,2 kg.;Stuk;4.68
893;KIPPEN Afval;Kg;1.25
894;KIPPEN Bresse;Stuk;30.88
895;KIPPEN SOEP-(1,5 kg);Stuk;3.6
896;KIPPEN Zwartpoot;Stuk;8.69
897;KIPPENBILLEN;Stuk;1.49
898;KIPPENBLOKJES VERS;Kg;6.89
899;KIPPENBOUTJES (Apero DV);zak;8.45
900;KIPPENFILET enkel ;Stuk;0.78
901;Kippenfilet enkel Bistro à 130 gram;Stuk;0.67
902;KIPPENFILET Gerookt (dubbel);Stuk;3.63
903;KIPPENFILET GEROOKT voorgesneden;Kg;12.5
904;Kippenfonds vloeibaar;Liter;11.73
905;KIPPENFRICASSEE;Kg;6.39
906;KIPPENGEHAKT;Kg;5.79
907;Kippenkruiden;Kg;15.95
908;KIPPENMAAGJES;Kg;2.95
909;KIPPENSCHNITZEL150 gr;Stuk;1.28
910;KIPPENWORST vers 150gr;Stuk;0.91
911;Kiwano;Stuk;3.2
912;Kiwi;Stuk;0.65
913;Kiwi bessen (ravier);Stuk;4.37
914;KIWIPUREE (Boiron);Kg;3.41
915;KLEINE BOUILLA  (VISSOORTEN);Kg;10
916;Kleurstof geel vloeibaar;Fles;3.75
917;Kleurstof goud poeder;Kg;628
918;Kleurstof groen vloeibaar;100 ml;4.97
919;Kleurstof oranje vloeibaar;Liter;30
920;Kleurstof rode vloeibaar;Fles;9.94
921;Kleurstof rood poeder;Kg;170.4
922;Kleurstof zwart 20gr poeder;Fles;7.02
923;Knoflookpoeder;Kg;25.78
924;KNORHAAN Bruto;Stuk;3.46
925;KNORHAANFILETS;Kg;5.85
926;KNORHAANFILETS;Stuk;5.85
927;Knorr Aromaat (1 Kg );Stuk;8.45
928;Knorrsoep - Amerikaanse mais 1,5 kg;Stuk;14.03
929;Knorrsoep - asperges (1.5 Kg);Stuk;12.56
930;Knorrsoep - cresson (1.5 Kg);Stuk;13.68
931;Knorrsoep - gele paprika 1,5 kg;Stuk;22.45
932;Knorrsoep - kervel (1.5 Kg);Stuk;12.24
933;Knorrsoep - prei (1.5 Kg);Stuk;12.04
934;Knorrsoep - tomaten (1.5 Kg);Stuk;18.39
935;Knorrsoep -champignon (1.5 Kg);Stuk;13.2
936;Knorrsoep -kippecreme (1.5 Kg);Stuk;12.32
937;Knorrsoep -Minestrone (1,5 Kg);Stuk;18.68
938;Koekebrood;Stuk;1.89
939;Koekebrood gesneden;Stuk;2.8
940;Koekjes Amaretti;Kg;11.25
941;Koekjes BOUDOIR (doos 165 gr);Doos;2.46
942;Koekjes LEPEL-;Doos;2.67
943;Koekjes lukken Destrooper;Kg;10.29
944;Koekjes Madeira (doos 100 gr);Stuk;2.67
945;Koekjes PETIT BEURRE à 1 kg;Kg;7.73
946;Koekjes Prince fourré  vanille;Kg;5
947;KOEKOEK Filet enkel Mechelse;Stuk;2.15
948;KOEKOEK Mechelse;Stuk;8.8
949;Koffie gemalen;Kg;8.76
950;KOKKEL;Kg;8.45
951;KOKKELVLEES  DIEPVRIES;Kg;7.18
952;Kokos blok santen (crème);Kg;2
953;Kokosbloem;Kg;1
954;Kokosbloemsuiker;Kg;27.45
955;Kokosmelk 0.5 L;Stuk;2.35
956;Kokosnoot cream;Kg;9.85
957;Kokosnoot gemalen;Kg;6.62
958;Kokosolie;Liter;19.9
959;Kokosolie extra vierge;Liter;19.9
960;Kokospulp (Boiron);Kg;10.28
961;Kolen BLOEM-;Stuk;1.93
962;KOLEN Bloem groen;Stuk;3.75
963;Kolen BOEREN;Stuk;6.64
964;Kolen CHINESE;Stuk;1.5
965;Kolen GROEN;Stuk;1.4
966;Kolen Rabi;Stuk;1.25
967;Kolen Romanesco;Kg;3.8
968;Kolen Romanesco;Stuk;3.8
969;Kolen ROOD;Stuk;1.34
970;Kolen spits;Stuk;2.22
971;Kolen WIT;Stuk;1.1
972;Kombu zeewier gedroogd;Kg;86
973;Komijn (graantjes);Kg;8.43
974;Komijnpoeder;Kg;22.39
975;Komkommer;Stuk;1.01
976;Komkommerpuree DV (Boiron);Liter;6.22
977;KONIJN TAM;Stuk;11.78
978;KONIJN WILD;Stuk;8.5
979;KONIJNEBOUT(300gram);Stuk;3.86
980;KONIJNENFILET;Kg;16.4
981;KONIJNERUG (ca 400 gr);Stuk;3.64
982;KOOLVISFILET;Kg;10.9
983;Koolzaadolie;Liter;1.64
984;Koriander;Stuk;1.72
985;Koriander gemalen;Kg;19.55
986;Koriandergranen;Kg;22.36
987;KRABBEN;Stuk;4.6
988;KRABBEN - strand;Kg;8.95
989;KRABBEN (poten) Stuk;Stuk;0.49
990;KRAB-NAMAAK;Kg;4.4
991;KREEFT  CANADESE BABY;Stuk;8.4
992;KREEFT Bisque (diepvries);Kg;9.8
993;KREEFT CANADESE 450-550;Stuk;12.1
994;KREEFT CANADESE 650-750;Stuk;18.2
995;Krenten;Kg;7.98
996;KREUKELS vers ongekookt;Kg;10.75
997;Krieken blik kant en klaar (2,9 kg);Stuk;11.19
998;Krieken NOORD (0.6L);Stuk;1.52
999;Kriekenbier;Fles;3.98
1000;Kroepoek;Kg;8.68
1001;KROKODILLENFILETS;Kg;26.6
1002;Kruidenpuree curry;Stuk;9.07
1003;Kruidenpuree knoflook;Stuk;9.07
1004;Kruidenpuree paprika;Stuk;9.07
1005;Kruidnagel;Kg;42.05
1006;Kruidnagelpoeder;Kg;42.97
1007;Kummel(karwij);Kg;18
1008;Kurkuma;Kg;17.52
1009;Kuzu (mugaritz);Kg;139.44
1010;KWARTEL afval,karkas;Kg;1.25
1011;KWARTEL boutje;Stuk;12.65
1012;KWARTEL ontbeend ;Stuk;3.4
1013;KWARTELS;Stuk;2.38
1014;Kweepeer;Stuk;0.42
1015;Kweeperengelei;Kg;7.75
1016;La Chouffe Café;Liter;13.29
1017;Labbonen diepvries;Kg;3.36
1018;LAMSBEENDEREN;Kg;2.1
1019;LAMSBOUT MB met manchette;Kg;8.6
1020;LAMSBOUT MB z.manchette;Kg;8.6
1021;LAMSBOUT ZB ;Kg;9.65
1022;LAMSBOUT ZB (Bistro);Kg;9.65
1023;LAMSFILET;Stuk;4.28
1024;LAMSFILET;Kg;21.4
1025;LAMSGEHAKT;Kg;6.95
1026;Lamsjus pasta;Kg;22.83
1027;LAMSKOFFER;Stuk;14.8
1028;LAMSKROON (per 2 stuks);Stuk;21.2
1029;LAMSNAVARIN ;Kg;8.1
1030;LAMSNIER;Stuk;4
1031;Lamsoren;Kg;24.38
1032;LAMSRAGOUT;Kg;9.8
1033;LAMSSCHENKEL(voorbeen);Stuk;2.16
1034;LAMSSCHOUDER;Kg;7.2
1035;LAMSTONG;Stuk;0.86
1036;LAMSZADEL;Stuk;14.8
1037;LAMSZWEZERIK;Kg;14
1038;LANGOUSTINES 16-20;Stuk;0.67
1039;LANGOUSTINES 8/11;Stuk;1.46
1040;Lardo di Calonnato(spek);Kg;10.2
1041;Lardo Legato Aromatinato;Kg;10.2
1042;Lasagna verdi (500 gr.);Stuk;2.47
1043;Lasagna wit (500 gr.);Stuk;1.98
1044;Lasagne vellen vers (geel);Kg;6.76
1045;Lasagne vellen vers (groen);Kg;6.95
1046;Laurierpoeder;Kg;23.2
1047;Lavas;Stuk;1.72
1048;Lavendel;Stuk;6.43
1049;Lavendel (gedroogd);Kg;138.43
1050;Lavendel extract;Stuk;12.79
1051;Leerdammer;Kg;11.18
1052;Leffe blond;Fles;0.6
1053;Leffe dubbel (1/3);Fles;0.59
1054;Lemon cress;Stuk;2.11
1055;LENG Bruto;Kg;5.7
1056;LENGFILET;Kg;13.44
1057;Lijnzaad;Kg;16.77
1058;Limoenen;Stuk;0.41
1059;Limoenlikeur;Fles;8.78
1060;Limoenolie;Stuk;19.37
1061;Limoenpuree (Boiron);Liter;7.5
1062;Limoensap;Liter;6.27
1063;Limoensorbet;Liter;6.63
1064;Limoncello;Fles;18.69
1065;Linzen-groen (uit de Puy);Kg;2.96
1066;Linzen-rode;Kg;4.64
1067;Livarot;Kg;30.76
1068;Loempia's;Stuk;0.75
1069;LOMO (stuk);Kg;32.5
1070;Lompvisei rood (50 gr.);Stuk;2.07
1071;Lompvisei zwart (50 gr.);Stuk;1.96
1072;Loo ;Kg;11.31
1073;Look;Stuk;0.93
1074;Look (gerookt);Stuk;1.35
1075;Look gefermenteerd;Stuk;12.27
1076;Lookolie;Stuk;11.99
1077;Lotuswortel;Kg;31.34
1078;Luikse Stroop (450 gram);Stuk;1.7
1079;Luzernescheuten;Stuk;1.23
1080;Lychee likeur;Liter;11.02
1081;Lychee puree DV (Boiron);Liter;9.19
1082;Lychees;Stuk;0.55
1083;Lychees (0.5L);Stuk;1.18
1084;Maanzaad;Kg;22.53
1085;Macaroni;Kg;2.24
1086;Macaronkoekjes;Stuk;2.12
1087;Madera;Fles;7.11
1088;Mais blik à 3 L;Stuk;8.06
1089;Maiskolf (ravier,klein);Stuk;2.31
1090;Maiskolf(vers);Kg;6.73
1091;Maiskorrels (0.5L);Stuk;1.98
1092;Maiskorrels DV;Kg;3.22
1093;Maisolie;Liter;2.6
1094;Maizena ;Kg;6.4
1095;Maïzena express blond (250gr);Stuk;2.24
1096;Maïzena express bruin (250gr);Stuk;2.24
1097;MAKREEL (gerookt);Stuk;2.44
1098;MAKREEL Bruto;Stuk;1.92
1099;MAKREELFILETS;Kg;6.67
1100;MAKREELFILETS GEROOKT;Kg;7.33
1101;MALIBU;Fles;12.55
1102;Malto ;Kg;51.15
1103;Manchego(Spaans,schaap );Kg;16.12
1104;Mandarijnpuree DV (Boiron);Liter;6.57
1105;Mandarijnpuree DV (Boiron);Stuk;6.57
1106;Mandarijnsorbet;Kg;6.69
1107;Mandarine Napoleon;Fles;28.64
1108;Mange tout;Kg;12.92
1109;Mango (gedroogd);Kg;136.35
1110;Mango (ready to eat);Stuk;2.63
1111;Mangochutney;Stuk;5.38
1112;Mangokonfituur 290g;Stuk;5.52
1113;MANGOPUREE (Boiron);Kg;9.26
1114;Maniok (yucca wortel);Stuk;1.4
1115;Marachino;Fles;17.15
1116;Marc de Bourgogne;75 cl;18.28
1117;Marc de Champagne;Fles;14.66
1118;Marc de Gewurztraminer;Fles;17.72
1119;Maredret (Maredsous);Kg;7.03
1120;Maredsous (vlootje);Stuk;3.08
1121;Maredsous bruin;Fles;1.33
1122;Margarine vloeibaar ;Stuk;9.25
1123;Marjolein;Stuk;1.72
1124;Maroille mignon 1/1;Kg;19.9
1125;Marsala;Fles;9.8
1126;Marsepein 33%;Kg;5.19
1127;Marsepein 50 %;Kg;11.26
1128;Martini Dry;Fles;4
1129;Martini rood;Fles;6.59
1130;Martini wit;Fles;6.59
1131;Mascarpone;Kg;8.4
1132;Mayonaise (10l);Stuk;15.99
1133;Mayonaise 10 l;Liter;1.6
1134;Meel van kikkererwten;Kg;4.04
1135;Meergranenbrood gesneden;Stuk;1.55
1136;MEERVAL Filets Diepvries;Kg;8.5
1137;Melk - choco à 1 liter;Stuk;1.88
1138;Melk gecondens-gesuik. (0.5L.);Stuk;2.33
1139;Melk karne-;Liter;1.47
1140;Melk -Karne;Liter;1.47
1141;Melk mager;Liter;0.76
1142;Melk Nutroma;Liter;4.68
1143;Melk vol;Liter;0.62
1144;Melkerijboter à 250 gr;Kg;7.96
1145;Melkpoeder;Kg;13.85
1146;Meloen (galia);Stuk;2.41
1147;Meloensorbet;Liter;55.52
1148;Melon&cream jenever (Smeets);Fles;10.55
1149;MERG;Kg;8.1
1150;Merinque poeder (Ovafina);Kg;23.26
1151;Metaxa;Fles;12.52
1152;Mexicaanse kruiden gedroogd;Stuk;14.83
1153;Mexicaanse kruidenmengeling (Tex mex);Kg;21.19
1154;MIE  SEN LEK(Thaise witte MIE);Kg;3.64
1155;Mie-hoen (Chinese rijstvermicelli);Kg;5.56
1156;Mierikswortel;Stuk;6.13
1157;Mimolette jong ;Kg;24.85
1158;Mimolette oud ;Kg;24.85
1159;Mini aubergines (ravier);Stuk;6.22
1160;Mini pâtisson (groen);Stuk;0.63
1161;Mini pâtisson(geel);Stuk;0.63
1162;Mini pompoen;Stuk;1.69
1163;Mini Prei (ravier);Stuk;14.25
1164;Mini Rapen (ravier);Stuk;14.32
1165;Mini venkel (ravier);Stuk;12.89
1166;Mini Wortelen (ravier);Stuk;12.13
1167;Mini wortelen geel (ravier);Stuk;13.31
1168;Mini-courgette;Stuk;0.64
1169;Mini-courgette met bloem;Stuk;5.8
1170;Mirin (rijstwijn);Fles;4.68
1171;Miserable (Debailleul)DV;Stuk;11.97
1172;Mokka aroma(Trablit);Liter;50.87
1173;Morieljes (Diepvries);Kg;45.45
1174;Morilles gedroogd;Kg;605.5
1175;MORTADELLA;Kg;12.6
1176;MOSSELEN ;Kg;4.3
1177;MOSSELEN Bouchot;Kg;5.95
1178;Mosterd (2 L.);Stuk;9.32
1179;Mosterd (Dragon) 210g;Stuk;2.61
1180;Mosterd (Tierentijn);Stuk;3.96
1181;Mosterd cassis 205g;Stuk;2.9
1182;Mosterd met kervel;Kg;11.12
1183;Mosterd met sjalotten;Kg;10.28
1184;Mosterdfruit (190 gram);Stuk;3.42
1185;Mosterdkruid rood (ravier);Stuk;2.13
1186;Mosterdpoeder;Kg;30.91
1187;Mosterdzaad geel;Kg;7.75
1188;Moutarde de Meaux (0.5 L.);Stuk;7.01
1189;Mozzarella;Kg;7.43
1190;MOZZARELLA (zakje à 125gr );Stuk;1.88
1191;Muesli;Kg;6.5
1192;Munster Ermitage 8 cm;Kg;15.82
1193;Munt;Stuk;1.73
1194;Munt groen;Fles;5.46
1195;Munt wit;Fles;5.56
1196;MUSCADET DE SEVRE ET DE MAINE;Fles;21.1
1197;MUSCAT D'ALSACE;Fles;7
1198;Muscat de Beaumes de Venise;Fles;21.1
1199;Muskaatnoot gemalen;Kg;49.46
1200;Muskaatwijn;Fles;7
1201;Mustard cress;Stuk;1.82
1202;Mycryo 600g;Stuk;11.57
1203;Nanami Togarashi ;Kg;45.46
1204;Napoleon (citroensnoepjes);zak;8.12
1205;Napoletana sce 3kg;Stuk;10.07
1206;Nashi-peer(Japans);Stuk;0.95
1207;Natrium bicarbonaat (maagzout);Kg;5.65
1208;Nectarines;Stuk;1.4
1209;Nieuwjaarslukken(Destrooper);Kg;10.29
1210;NOBASHI Garnalen (schaaltje 20st);Stuk;11.35
1211;Noedels Soba ( boekweit Japans);Kg;18.4
1212;Noedels Udon ;Kg;8.8
1213;Noilly Prat;Fles;12.47
1214;Nori (zeewierbladen);Stuk;0.47
1215;Noten Amandel gepeld;Kg;17.66
1216;Noten Amandelen geschaafd;Kg;18.88
1217;Noten amandelen stiften;Kg;27.04
1218;Noten Cashew;Kg;17.26
1219;Noten Dennepit(pijnboompit);Kg;43.36
1220;Noten -hazel (gepeld);Kg;22.24
1221;Noten Hazel (ongepeld);Kg;20.69
1222;Noten Kastanjes vacüum gegaard;Kg;14.43
1223;Noten Kemiri;Kg;16.9
1224;Noten Kokos;Stuk;1.98
1225;Noten Macadamia (gepeld);Kg;33.38
1226;Noten Pecan;Kg;26.83
1227;Noten Pinda (nt gezouten);Kg;8.95
1228;Noten Pinda gezouten;Kg;5.45
1229;Noten Pistache (gepeld);Kg;111.97
1230;Noten Wal;Kg;17.43
1231;Noten Wasabi;Kg;6
1232;Notenbrood;Stuk;1.94
1233;Notenbrood gesneden;Stuk;3.48
1234;Notenlikeur;Fles;18.28
1235;Notenolie HAZEL- (0.5 L.);Stuk;9.93
1236;Notenolie WAL- (0.5 L.);Stuk;3.83
1237;Nouga grain merk Vital;Kg;11.5
1238;Nougatine;Kg;5.84
1239;O L vrouwtjes (guimauve);Kg;4.78
1240;Oesterbrood ( toast ) bruin gesneden;Stuk;3.72
1241;Oesterbrood ( toast ) gesneden;Stuk;3.52
1242;OESTERS Creuses;Stuk;0.72
1243;Oestersaus;Fles;1.36
1244;Olie - basilicum;Liter;39.6
1245;Olie-chili;Liter;23.92
1246;Olijfolie (1 L.);Liter;4.97
1247;Olijfolie Ocal valderama;Liter;31.32
1248;Olijfolie tras os montes;Liter;9.68
1249;Olijfolie-spaanse met zoete paprika;Liter;23.92
1250;Olijven gemarineerd met feta;Kg;6.91
1251;Olijven groen met pit;Liter;8.67
1252;Olijven groen ontpit;Liter;6.29
1253;Olijven in marinade;Kg;9.34
1254;Olijven tapenade groen;Kg;11.91
1255;Olijven tapenade zwart;Kg;12.14
1256;Olijven zwart ontpit;Liter;2.33
1257;Onze-Lieve-Vrouwbedstro;Stuk;4.65
1258;Oploskoffie Nescafé ;Stuk;5.94
1259;Oranjebloesem extract (15ml);Stuk;0.81
1260;Oregano;Stuk;1.73
1261;Oregano;Kg;259
1262;Oreo koekjes;Kg;2.1
1263;Oreo koekjes;pak;2.1
1264;OSSESTAART;Kg;6.1
1265;Oud Brugge ;Kg;19.6
1266;OUZO;Fles;9.22
1267;Ovoneve eiwitpoeder (Sosa albumina);Kg;71.78
1268;Paardebloem (pisenlit);Stuk;4.44
1269;PAARDENFILET;Kg;10.8
1270;PAARDENTOURNEDOS;Kg;10.8
1271;Pacific;Fles;5.01
1272;Paella kruiden;Kg;20.84
1273;Paksoy (ART.4721545) chin.kool;Stuk;1.5
1274;Paksoy groot;Stuk;2.29
1275;Paksoy(baby Shanghai);Stuk;2.29
1276;Palatinose;Kg;8.03
1277;PALING rivier- VERS;Kg;17.44
1278;PALING rivier-(gerookt)niet voorgeneden;Kg;24.85
1279;Palm Royale;Fles;0.7
1280;Palmhart (400g);Stuk;2.05
1281;Palmsuiker;Kg;10.19
1282;PALOURDES;Kg;13.95
1283;PANCHETTA;Kg;14.1
1284;Pancoating spuitbus;Stuk;4.37
1285;PANDANrijst(Thaise langkorrel);Kg;3.36
1286;Paneermeel;Kg;1.59
1287;Paneermeel (rood);Kg;1.8
1288;Panko (Japans broodkruim);Kg;9.67
1289;Papadum (doos v 10 st à 10gr);Stuk;2.6
1290;Papadum (doos van 10 x 10 gram);Stuk;2.6
1291;Papaja (ready to eat);Stuk;3.96
1292;Pappardelle;Kg;6.34
1293;Paprika gesneden D V;Kg;2.34
1294;Paprika poeder;Kg;19.4
1295;PARELHOEN;Stuk;7.83
1296;PARELHOEN filet m.vel enkel;Stuk;2.61
1297;PARELHOEN filet m.vleugel;Stuk;2.54
1298;Parijse worteltjes (DV 2,5 kg);Stuk;3.95
1299;Parmesan gemalen;Kg;13.15
1300;Parmezan (blok);Kg;15.53
1301;Pas-de-bleu ;Kg;24.65
1302;Passendale Groot Hof ;Kg;16.17
1303;Passendale St. Paulin ;Kg;11.31
1304;Passievruchten;Stuk;0.7
1305;Passievruchtenpuree (Boiron);Kg;9.14
1306;Passievruchtensap;Liter;1.5
1307;Passievruchtensorbet;Liter;5.55
1308;Passoa;Fles;15.13
1309;Pastinaak;Stuk;0.83
1310;Pastinaak;Kg;3.32
1311;PASTRAMI schijfjes;Stuk;0.42
1312;PATA NEGRA schijfjes;Stuk;0.69
1313;Pate aux pistaches;Kg;36.5
1314;Pate noisette ;Kg;19.72
1315;Pâte noisette SOSA;Kg;19.72
1316;patisson geel;Stuk;1.42
1317;Patrelle;Liter;11.2
1318;PATRIJS JONG  rood poot;Stuk;6.7
1319;Peche Creme;Fles;9.95
1320;Peche mignon;Liter;7.61
1321;Pecorino Pepato;Kg;22.68
1322;Pecorino Romano ;Kg;21.31
1323;Pectine;Kg;24.93
1324;Peket (Waalse likeur);Liter;13.76
1325;Penne;Kg;2.95
1326;Penne (vers);Kg;6.8
1327;Peper Cacao Allspice;Kg;50
1328;Peper Cacao Maniquette;Kg;50
1329;Peper Cacao Sechuan;Kg;67.9
1330;Peper fruit banana moon(verstegen);Kg;50
1331;Peper fruit forest fruit(Verstegen);Kg;49.75
1332;Peper fruit lemon(Verstegen);Kg;48.24
1333;Peper fruit orange(Verstegen);Kg;87.49
1334;Peper fruit strawberry lemon(Verstegen);Kg;48.12
1335;Peper Maniquette (Verstegen);Kg;28.03
1336;Peper Season garlic-sjalot;Kg;59.05
1337;Peper Season wild mushroom;Kg;50
1338;Peper Seaweed garlic-sjalot;Kg;63.5
1339;Peper Seaweed lavendel;Kg;50
1340;Peper wit gemalen;Kg;26.66
1341;Peper zwart gemalen;Kg;28.38
1342;Peperbollen  Sechuan;Kg;67.15
1343;Peperbollen wit;Kg;31.15
1344;Peperbollen zwart;Kg;26.95
1345;Peperkoek (niet gesneden);Kg;13.27
1346;Peperkoek(gesneden);Kg;3
1347;Peperkoekkruiden;Stuk;12.59
1348;Pepermunt vers;Stuk;2.1
1349;Pepers GEEL;Stuk;0.98
1350;Pepers GROEN;Stuk;0.79
1351;Pepers GROEN (750 gr.);Stuk;6.51
1352;Pepers ORANJE;Stuk;1.85
1353;Pepers ROOD;Stuk;0.85
1354;PEPERS Rood (zoet lang);Stuk;0.75
1355;Pepers ROOD blik (450 gr.);Stuk;9.07
1356;Pepers rood gepeld blik à 3 L;Stuk;8.64
1357;Peren BEURRE HARDY;Stuk;0.82
1358;Peren CONFERENCE;Stuk;0.4
1359;Peren doyenne;Stuk;0.41
1360;Peren DURONDEAU;Stuk;0.41
1361;Peren op sap (2,6 kg);Stuk;5.64
1362;Peren stoof;Stuk;0.42
1363;Perenpuree DV Boiron;Liter;4.17
1364;Perenstroop (Luikse) 450g;Stuk;2.02
1365;Perentaart (Debailleul)DV 4p;Stuk;8.63
1366;Perziken (2,6 kg);Stuk;4.24
1367;PERZIKENSAP;Fles;6.27
1368;Perzikpuree (Boiron);Liter;5.19
1369;Peterselie;Stuk;0.98
1370;Peterseliewortel;Kg;4.48
1371;Pharon groot 811(Crejart);Stuk;0.5
1372;Pharon mini 811(Crejart);Stuk;0.41
1373;Pharon mini wit(Crejart);Stuk;0.41
1374;PHILADELPHIA ;Kg;9.9
1375;Philadelphia met fijne kruiden;Kg;8.35
1376;Philiadelphia met look;Kg;8.35
1377;Picanha blauwwit;Kg;13.57
1378;Pickles (2 L.);Stuk;7.97
1379;Picon;Fles;18.04
1380;Piedbouef bruin;Liter;0.55
1381;PIEPKUIKEN;Stuk;1.73
1382;PIETERMAN Bruto;Kg;16.24
1383;PIETERMAN FILET;Kg;30.97
1384;PIJLINKTVIS (TUBES);Kg;6.13
1385;Pijlinktvis vers ongekuist(Franse);Kg;8.25
1386;Pijlinktvisringen DV;Kg;6.2
1387;Piment Espelette poeder 70g;Stuk;6.4
1388;Pimenton de la vera(blikje70gr);Stuk;2.75
1389;Pimms;Fles;10.74
1390;Pimpernel;Stuk;4.82
1391;Pindakaas;Kg;6.64
1392;Pindakaas ongezoet/ongezouten bio;Kg;8.43
1393;Pineau de Charentes;Fles;9.58
1394;Piquillos de los lodos (375gr);Stuk;9.07
1395;Pisang Ambong;Fles;8.79
1396;Pisco;Liter;12.94
1397;Pistacheolie;Liter;112.52
1398;Pitahaya;Stuk;6.33
1399;PITTAVLEES;Kg;6.95
1400;Pizzatopping Napoletana 2l;Stuk;10.07
1401;PLADIJS  2/1 ;Stuk;1.86
1402;PLADIJS 1/1  (800gr);Stuk;4.88
1403;PLADIJSFILETS 2/1 kleine (=halve pladijs);Stuk;0.43
1404;Platte kaas (emmer van 5 kg);Kg;18.22
1405;Platte kaas (emmer van 5 kg);Stuk;18.22
1406;Platte kaas Brabantse;Kg;5.14
1407;Platte kaas mager Isigny 0%;Kg;4.02
1408;Platte kaas met appel en caramel (emmer 3 kg);Stuk;17.53
1409;Platte kaas VET;Kg;5.14
1410;Platte kaas vet Isigny 40%;Kg;5.14
1411;Platte Peterselie;Stuk;1.72
1412;Pluma Iberico;Kg;18.4
1413;Poire likeur;Fles;10.95
1414;Polentameel;Kg;1.88
1415;Pomelo;Stuk;2.81
1416;Pommeau de Normandie;Fles;8.99
1417;Pompelmoes GEEL;Stuk;0.81
1418;Pompelmoes ROZE;Stuk;0.88
1419;Pompelmoessap;Liter;0.98
1420;Pompelmoessap (roze);Fles;3.1
1421;POMPOEN (mini);Stuk;1.69
1422;Pompoen 2 kg;Stuk;3.3
1423;Pompoenblokjes (DV 2,5 kg);Stuk;3.36
1424;Pompoenbolletje;Stuk;0.57
1425;Pompoenolie;Stuk;10.98
1426;Pompoenpitten;Kg;10.18
1427;Pompoenpuree DV (Boiron);Kg;2.53
1428;Pont l'éveque;Kg;24.29
1429;Pont l'Eveque Fermier;Kg;24.29
1430;Ponzu;Liter;16.53
1431;Poperingse keikop;Kg;22.89
1432;Port  rood;Fles;8.82
1433;Port  wit;Fles;7.61
1434;Port Salut ;Kg;14.91
1435;Postelein (100 gr);Stuk;1.34
1436;Pousse de blète (jong snijbietblaadje);Kg;15.8
1437;Pralines;Stuk;0.41
1438;Prei (per staal);Stuk;0.56
1439;Prei WIT  schijf snit(2.5 K);Stuk;4.06
1440;Preischeuten;Stuk;2.2
1441;PRESKOP;Kg;8.6
1442;Primerba Basilicum  340 g;Stuk;8.9
1443;Primerba bouq. all Italiana 340g;Stuk;10.14
1444;Primerba curry;Kg;23.15
1445;Primerba Dragon;Stuk;9.1
1446;Primerba garnalenpasta;Stuk;8.46
1447;Primerba Knoflook  340 g;Stuk;10.19
1448;Primerba Mierikswortel 340g;Stuk;8.18
1449;Primerba PESTO (groen) 700g;Stuk;18.86
1450;Primerba PESTO (rood) 700g;Stuk;19.06
1451;Primerba Rozemarijn 340g;Stuk;8.25
1452;Primerba sjalot;Kg;20.32
1453;PRIMERBA tuinkruiden 340g;Stuk;9.19
1454;PRIMERBA ui met spek 340g;Stuk;7.89
1455;Pro espuma (Sosa);Kg;18.72
1456;Pro espuma warm (Sosa);Kg;37.44
1457;Probiotica capsules (doosje);Stuk;25.95
1458;Procrema (Sosa);Kg;19.96
1459;Promousse;Kg;30.59
1460;Prosorbet (SOSA);Kg;21.4
1461;Provencaalse kruiden;Kg;44.03
1462;Pruimen gedroogd (250 gr.);Stuk;2.05
1463;Pruimen Reine Claude;Kg;5.44
1464;Pudding choco- (750 gr.);Stuk;3.86
1465;Pudding vanille- (1000 gr.);Stuk;5.66
1466;Pulled Pork Marinade;Fles;8.52
1467;Pumpernickel;Stuk;1.09
1468;Pure alcohol;Liter;27.74
1469;Quiche vegetarisch (125 gr);Stuk;1.46
1470;Quinoa rood;Kg;1
1471;Quinoa zaadjes;Kg;16.61
1472;Quinoa zaadjes  zwart;Kg;32.94
1473;Quorn in blokjes (niet gemalen);Kg;10.56
1474;Rabarber;Kg;2.57
1475;Rabarberpuree DV (Boiron);Liter;5.65
1476;Radijs (bundel);Stuk;1.08
1477;Radijs zwart;Bot;3.7
1478;Radijsscheuten;Stuk;2.07
1479;Rafti;Kg;1.22
1480;Rambol creme herbes;Kg;18
1481;Ramboutan;Stuk;1.05
1482;Ramenas;Stuk;2.3
1483;Ramenas daikon (zomer,zwart);Stuk;1.91
1484;Rapen bundel;Stuk;2.31
1485;Rapen bundel (jonge);Stuk;2.31
1486;Ras el Hanout (rood);Kg;37.69
1487;Ratatouille 2,5kg;Stuk;27.7
1488;Ratatouille Bonduelle 2.5 kg;Stuk;3.18
1489;Rauwe cacaopoeder;Kg;30.8
1490;Ravioli;Kg;2.69
1491;Reblochon Fermier;Kg;15.59
1492;Red Bull (blik à 25 cl);Stuk;1.15
1493;REE FILET  met vlies;Kg;44
1494;REE RUG ;Kg;31.5
1495;RENDIERFILET;Kg;32.62
1496;REUZEL (smout);Kg;6.95
1497;RIBBEN (platte,gemarineerd);Kg;7.4
1498;Ricard;Fles;23.99
1499;Rice Crispies 400 gr;Stuk;3.13
1500;Ricotta (250 gram);Kg;5.52
1501;RIESLING D'ALSACE;Fles;4
1502;RIESLING PERLANT;Fles;4
1503;Rietsuiker (korrel);Kg;1.9
1504;Rijst;Kg;2.68
1505;Rijst - basmati bruin;Kg;1
1506;Rijst - risotto (Carnaroli);Kg;4.29
1507;Rijst (Boss,roomrijst,0,5l);Stuk;1.39
1508;Rijst BASMATI;Kg;6.4
1509;Rijst bruin;Kg;6.6
1510;Rijst Jasmijn;Kg;3.36
1511;Rijst Paarse (OXFAM);Kg;1
1512;Rijst -risotto ;Kg;4.29
1513;Rijst- Sushi;Kg;4.53
1514;Rijst THAI;Kg;3.36
1515;Rijst Thaise (kleefrijst);Kg;2.6
1516;Rijst voor paella;Kg;1.93
1517;Rijst wilde;Kg;6
1518;Rijst zilvervlies;Kg;3.89
1519;Rijst zwarte (wilde Canadese);Kg;14.27
1520;Rijstcreme (250 gr.);Stuk;0.93
1521;Rijst-dessert;Kg;2.38
1522;Rijstgriesmeel (250 gr.);Stuk;0.93
1523;RIJSTMEEL;Kg;6.98
1524;Rijstmelk;Liter;1
1525;Rijstolie;Liter;5.28
1526;Rijst-ronde;Kg;0.95
1527;Rijstspaghetti;Kg;9.98
1528;Rijststroop;Liter;8.43
1529;Rijsttaart (. 6 pers);Stuk;4
1530;RIJSTTAART bakplaat 40/60;Stuk;53.76
1531;Rijstwijn Mirin 50cl;Fles;4.68
1532;RILETTE Duke of Berkshire;Kg;14.1
1533;Rillette van eend;Kg;16.42
1534;RIVIERKREEFTJES  vers ( levend );Stuk;1.28
1535;RIVIERKREEFTJES DIEPVRIES;Stuk;3.75
1536;Rivierkreeftvlees ;Kg;9.95
1537;Rock chives;Stuk;1.12
1538;Rode bes puree Boiron;Liter;5.68
1539;Rode bessen Diepvries;Kg;5.68
1540;Rode Biet;Stuk;0.55
1541;Rode Biet (2650ml);Stuk;4.45
1542;Rode biet chioggia;Stuk;1.34
1543;Rode biet gekookt;Kg;1.66
1544;Rode biet gevriesdroogd;Kg;37.15
1545;Rode biet mini (ravier);Stuk;14.25
1546;Rode bietensap;Liter;3.2
1547;Rode bietscheut (ravier);Stuk;2.45
1548;Rode koolscheuten ravier;Stuk;2.12
1549;Rode poon (brut);Kg;5.75
1550;RODE POON Filets met vel;Kg;5.71
1551;Rode uienkonfituur(320gr);Stuk;6.95
1552;Rodenbach (1/4);Fles;0.4
1553;Rodenbach Grand cru;Fles;5
1554;Roggebrood gesneden;Stuk;1.76
1555;Roggebrood niet gesneden;Stuk;1.28
1556;ROGGENWANGETJES;Stuk;0.5
1557;ROGVLEUGEL 250 gr;Stuk;3.57
1558;ROODBAARS;Stuk;3.27
1559;ROODBAARSFILET;Kg;15.61
1560;ROODBAARSFILET met vel;Kg;14.9
1561;Room 40%;Liter;3.97
1562;Room Culinair;Liter;2.4
1563;Room zuur Isigny (20 cl);Stuk;2.1
1564;Roomboter (5 kg.);Stuk;25.85
1565;ROOMIJS aardbeien;Liter;1.45
1566;ROOMIJS chocolade;Liter;1.45
1567;ROOMIJS mokka;Liter;2.73
1568;ROOMIJS pistache;Liter;1.45
1569;ROOMIJS VANILLE (1 L.);Stuk;2.2
1570;roomijs vanille (2,5 l);Stuk;5.49
1571;ROOMIJS vanille 5l;Stuk;8.44
1572;Roquefort;Kg;32.4
1573;Rosé wijn;Fles;3
1574;Rösti (DV zak van 2,5 kg);Stuk;6.26
1575;ROUGET BARBET (gefileerd);Stuk;0.91
1576;ROUGET BARBET BRUTO;Kg;13.42
1577;Roux korrels blanke;Kg;8.3
1578;Roux korrels bruine;Kg;6.36
1579;Roze radijs (witpunt);Stuk;2.13
1580;Rozemarijn;Stuk;1.72
1581;Rozenblaadjes (ravier);Stuk;6.98
1582;Rozenwater . l'olivier;Liter;10
1583;Rozijnen BLEEK (250 gr.);Stuk;1.83
1584;Rozijnen DONKER (250 gr.);Stuk;1.38
1585;Rozijnenbrood gesneden;Stuk;3.29
1586;Rozijnenbrood niet gesneden;Stuk;2.32
1587;Rum  Bacardi;Fles;24.54
1588;Rum  bruin;Fles;24.54
1589;Rum  Negrita;Fles;23.46
1590;Rum  wit;Fles;21.77
1591;Rum Bacardi black;Fles;24.54
1592;RUM Havana club bruin;Liter;20.26
1593;RUM Havana Club wit;Liter;15.69
1594;Rum-essence;Stuk;7.62
1595;RUNDBROCHET (ui en paprika) 150 g;Stuk;2.08
1596;RUNDER BAVETTE (voor tartaar);Kg;13.8
1597;RUNDERBEENDEREN;Kg;2
1598;Runderbouillon Knorr vloeibaar;Liter;14.19
1599;RUNDERBROCHET 60 GR;Stuk;0.65
1600;RUNDERCARPACCIO vers;Kg;16.8
1601;Rundercarpaccio(kant en klaar);Kg;25.95
1602;RUNDERGEBRAAD (rosbief);Kg;8.6
1603;RUNDERMEDAILLON;Kg;14.95
1604;RUNDERNEKVLEES ZB;Kg;6.8
1605;RUNDERSTOOFVLEES;Kg;6.4
1606;RUNDERSUCCADE;Kg;13.8
1607;RUNDERTONG;Kg;6.9
1608;RUNDERTONG gerookt;Kg;13.4
1609;SAFARI;Fles;12.49
1610;Saffloerolie;Fles;2.6
1611;Saffraandraadjes (doosje 0,5 gram);Stuk;28.8
1612;Saffraanpoeder (doosje à 2 gram);Stuk;11.05
1613;Saint Nectaire AOC;Kg;16.88
1614;Saké 75cl;Fles;16.51
1615;Sakura cress;Stuk;2.37
1616;SALAMI;Kg;7.2
1617;Salicornia cress;Stuk;3.15
1618;Salie;Stuk;1.73
1619;Salty fingers (ravier);Stuk;8.86
1620;Sambal Goreng;Kg;9.9
1621;SAMBAL MANIS;Fles;2.6
1622;Sambal oelek 200g;Stuk;1.36
1623;Sambuca;Fles;11.02
1624;Sandwich gesuikerd;Stuk;0.57
1625;Sandwich ongesuikerd;Stuk;0.62
1626;SARDIENEN;Stuk;0.75
1627;Sardienen blik (125 gr.);Stuk;1.66
1628;Satékruiden;Kg;18.48
1629;Satésaus;Kg;4.91
1630;Savooikool DV (2.5 K);Stuk;2.44
1631;SCAMPI 16/20 real count;Stuk;0.46
1632;Schaaldierenpasta ;Stuk;22.67
1633;SCHAPEBOUT ZB;Kg;6.75
1634;Scheermessen(couteaux/zagers);Kg;5.95
1635;SCHELVISFILET met vel (ontschubd);Kg;14.96
1636;SCHELVISFILET zonder vel;Kg;15.79
1637;Schorseneren (bundel) 1 Kg;Stuk;7.48
1638;Schorseneren DV  (2.5 K);Stuk;6.35
1639;Schuimwijn JAQUES DE LUZE  Brut;Fles;7
1640;Schweppes bitter limon;Fles;0.41
1641;Sechuancress;Stuk;1.16
1642;Selder GROEN;Stuk;1.23
1643;Selder KNOL;Stuk;1.39
1644;Selder WIT;Stuk;1.89
1645;Semolina (pastabloem);Kg;3.7
1646;SERRANOHAM;Kg;16.8
1647;Sesamolie 25cl;Fles;9.72
1648;Sesamolie ongeroosterd;Liter;12.66
1649;Sesamzaad wit;Kg;14.91
1650;Sesamzaad zwart;Kg;21.35
1651;Sevagel,ijsstabilisator ;Kg;21.4
1652;Sharon (kaki);Stuk;0.65
1653;Sherry Cream;Fles;8.15
1654;Sherry Dry;Fles;3.79
1655;Sherry Medium;Fles;4.68
1656;Sherry Pedro Ximenez 30 jr;Fles;22.33
1657;Shichimi togarashi;Kg;29.9
1658;Shii-takes (gedroogd);Kg;37.5
1659;Shiro Miso ( bleke rijst-sojaboon pasta);Kg;10.36
1660;Shisso groen;Stuk;1.22
1661;Shisso purper;Stuk;1.21
1662;Shissoleaves (groen) ravier;Stuk;3.13
1663;Shissoleaves (paars)ravier;Stuk;3.25
1664;Shoyu (Japanse sojasaus);Liter;15.59
1665;Shropshire (gele stilton);Kg;20.8
1666;Sinaasappel;Kg;1.38
1667;Sinaasappel berg;Stuk;0.72
1668;Sinaasappel BLOED;Stuk;0.53
1669;Sinaasappelconfituur (375 gr.);Stuk;3.78
1670;Sinaasappelpuree (Boiron);Liter;6.85
1671;Sinaasappelsap;Liter;1.19
1672;Sinaasappelsap  VERS;Liter;3.42
1673;Sinaasappelschil (Boiron);Kg;15.06
1674;Sinaasappelschillen gekonfijt;Kg;26.17
1675;SINT - JAKOBSSCHELP in schelp;Stuk;3.13
1676;SINT-JAKOBSSCHELP dv (frozen at sea);Stuk;1.46
1677;Siroop - cerise ( Monin );Fles;5.84
1678;Siroop - cuberdons;Liter;15.72
1679;Siroop - Munt (Monin);Fles;5.8
1680;Siroop - Munt groen (Monin);Fles;5.8
1681;Siroop - Orgeat (Monin);Fles;6.87
1682;Siroop - Violetta (Monin);Fles;6.65
1683;Siroop Agave;Liter;10.6
1684;Siroop Cassis Monin;Fles;7.65
1685;Siroop -frambozen (Monin);Fles;5.84
1686;Siroop Gember;Liter;5.98
1687;Siroop Kandij (400 gr.);Stuk;1.42
1688;Siroop Yacon bio;Kg;58.24
1689;Siroop-Aardbeien (Monin);Liter;13.03
1690;Siroop-Banaan (Monin);Fles;10.13
1691;Siroop-Cocos (Monin);Fles;6.42
1692;Siroop-Esdoorn;Fles;5.58
1693;Siroop-Rietsuiker (Monin);Fles;6.16
1694;Siroop-Sinaasappel (Monin);Fles;11.82
1695;Siroop-Vlierbessen;Liter;24.2
1696;Siroop-Vlierbloesem ;Liter;29.76
1697;Sjalotten WIT;Kg;3.04
1698;Sla - Amarant;Kg;15.4
1699;Sla - Frisee;Stuk;2.22
1700;sla  groen (kropsla);Stuk;1.06
1701;Sla - Lolo bianco;Stuk;1.04
1702;Sla - Lolo Rosso;Stuk;1.05
1703;Sla  Mosterdkruid groen;Kg;15.8
1704;Sla EIKEBLAD-;Stuk;1.34
1705;Sla gemengd Mesclun 150 gr;Stuk;2.01
1706;Sla Ijsberg;Stuk;1.67
1707;Sla Mosterdkruid rood;Kg;15.8
1708;Sla RADICCHIO;Stuk;1.87
1709;Sla ROMEINSE;Stuk;1.87
1710;Sla ROQUETTE  (50 gram);Stuk;0.56
1711;Sla VELD-;Kg;9.05
1712;Slaharten (corazone) little gem;Stuk;0.55
1713;SLA-Mitsuna;Kg;15.8
1714;Snickers;Stuk;0.59
1715;SNOEKBAARS (Bruto);Kg;12.7
1716;SNOEKBAARSFILET;Kg;12.93
1717;Snoep drop;Kg;6.87
1718;SOEPVLEES MB;Kg;5.8
1719;SOEPVLEES ZB;Kg;6.6
1720;Soja melk ongezoet (alpro);Liter;2.03
1721;Soja room (alpro);Liter;5.96
1722;Sojaolie (1 L.);Liter;1.73
1723;Sojasaus witte;Fles;18.67
1724;Sojascheuten (250 gr.);Stuk;1.09
1725;Sojascheuten blik à 3 L;Stuk;2.82
1726;Sorbitol (Sosa);Kg;7.9
1727;SOT L'Y LAISSE ;Kg;20.14
1728;Spaghetti;Kg;2.04
1729;Spaghetti (Zwarte);Kg;5.51
1730;Spaghetti volkoren bio;Kg;3
1731;Spaghettikruiden;Kg;12.3
1732;Special K Kellogs;Kg;19.5
1733;Speculaaskruiden;Kg;29.28
1734;SPECULOOS;Kg;3.52
1735;Speculoospasta;Kg;6.25
1736;SPEENVARKEN BOUT MB ;Kg;3.18
1737;SPEENVARKEN FILET (ZB);Kg;19.2
1738;SPEENVARKEN RUG (MB);Kg;16.1
1739;SPEK (kruidenspek);Kg;7.8
1740;SPEK buik vers;Kg;3.1
1741;SPEK gerookt;Kg;6.1
1742;SPEK GEROOKT Blokjes;Kg;5.8
1743;SPEK gezouten;Kg;6.1
1744;Spelt (épautre);Kg;7.65
1745;SPIERINGVISJES (Eperlans)DV;Kg;10.2
1746;Spinazie;Kg;7.21
1747;Spinazie - jonge;Kg;12.92
1748;SPINAZIE DV (2.5 K);Stuk;5.03
1749;Spirelli;Kg;2.35
1750;Spirelli tricolore;Kg;2.35
1751;SPROTFILET gerookt;Stuk;0.56
1752;Spruiten;Kg;4.27
1753;SPRUITEN (mini);Kg;4.16
1754;Spruiten DV (2.5 K);Stuk;5.99
1755;St Germain (vlierbloesemlikeur);Liter;30.85
1756;St. Maure;Kg;47.2
1757;St.Albray;Kg;14.25
1758;Steak    (1ste kwaliteit geheel);Kg;1.54
1759;STEAK 1 extra (150 gr);Stuk;1.8
1760;STEAK 1 extra à 150 g;Stuk;1.8
1761;STEENBOLK Bruto;Kg;5.35
1762;STEENBOLKFILETS à 140 Gram;Stuk;1.2
1763;Steranijs;Kg;66.13
1764;Stilton ;Kg;10
1765;Stokbrood;Stuk;0.75
1766;Stokbrood BAGUETTE;Stuk;0.75
1767;Stokbrood bruin;Stuk;1.64
1768;Stokbrood wit 25 cm DV;Stuk;0.47
1769;Stokbrood wit 25 cm vers;Stuk;0.86
1770;Stout;Fles;3
1771;Straffe Hendrik;Fles;1.38
1772;STRUISVOGEL filet;Kg;21.5
1773;Sugar pearls (isomalt);Kg;7.08
1774;sugar snapps;Kg;14.4
1775;Suiker Bloem (250 gr.);Stuk;0.78
1776;Suiker explosie;Kg;30.1
1777;Suiker explosie chocolade;Kg;30.9
1778;Suiker Fondant;Kg;3.44
1779;Suiker Gries;Kg;0.85
1780;Suiker Kandij  donkerbruin;Kg;3.73
1781;Suiker kandij blond;Kg;2.67
1782;Suiker Kandij- klontjes donker;Kg;8.22
1783;Suiker Kandij- klontjes wit;Kg;2.23
1784;Suiker Kandij- poeder bleek;Kg;0.89
1785;Suiker Klontjes (verpakt);Kg;2.23
1786;Suiker Moscovado;Kg;6.4
1787;Suiker parel;Kg;3.94
1788;Suiker -riet gemalen;Kg;2.27
1789;Suiker Riet- klontjes;Kg;2.84
1790;Suiker-Riet gemalen (moscovado);Kg;2.27
1791;Sumak;Kg;34.88
1792;Suze;Fles;14.2
1793;Sweet Chiliesauce (zoetzuur);Liter;4.01
1794;Sweetie;Stuk;0.95
1795;Tabasco (60 ml.);Stuk;2.44
1796;Tagliatelle (zwart);Kg;10.01
1797;Tagliatelle tomaat;Stuk;6.94
1798;Tagliatelle verdi (0.5 Kg);Stuk;2.33
1799;Tagliatelle wit (0.5 Kg);Stuk;2.3
1800;Tagliatelle wit VERS;Kg;4.01
1801;Tahin (sesampasta);Kg;51.87
1802;Tahoon cress;Stuk;2.39
1803;Taleggio;Kg;10.15
1804;Tamari (glutenvrije sojasaus);Liter;1
1805;Tamarillo;Stuk;1.77
1806;Tamarinde pasta 400g;Stuk;3.17
1807;Tandooripoeder ;Kg;52.1
1808;Tapioca (250 gr.);Stuk;0.83
1809;Tapioca bloem;Kg;2.12
1810;Tapioca grof;Kg;4.1
1811;TARBOT 1/2 BRUTO;Stuk;13.91
1812;TARBOT 2/3 BRUTO;Kg;17.03
1813;TARBOTFILETS 1/2 ;Kg;15.37
1814;Tartelette zout cups doos 20st;Stuk;3.51
1815;Tarwe (ebly);Kg;4.51
1816;Tarwebier Brugs (25 cc.);Fles;0.4
1817;Tarwegries volkoren;Kg;6.96
1818;Tarwegriesmeel;Kg;2.52
1819;Taysoy chin.bieslook;Bot;1.96
1820;TELLINES;Kg;10
1821;Tempeh natuur (200 g);Stuk;2.84
1822;Tempurabloem;Kg;8.67
1823;Tequila;Fles;24.98
1824;Teriyakisaus;200 cl;3.71
1825;Tête des moines;Stuk;44.56
1826;TEXTURAS  METIL (300gr);Stuk;32.15
1827;TEXTURAS AGAR (600gr);Stuk;34.26
1828;TEXTURAS ALGIN (500gr);Stuk;33.46
1829;TEXTURAS CALCIC (600 gr);Stuk;10.73
1830;TEXTURAS CITRAS (600gr);Stuk;12.07
1831;TEXTURAS Crumiel;Kg;60.58
1832;TEXTURAS Crutomate;Kg;86.85
1833;TEXTURAS EINES (lepeltjes);Stuk;35.34
1834;TEXTURAS FIZZY;Kg;54.8
1835;TEXTURAS GELLAN (600gr);Stuk;107.94
1836;TEXTURAS GLICE (300gr);Stuk;11.45
1837;TEXTURAS GLUCO;Stuk;26.36
1838;TEXTURAS IOTA (500gr);Stuk;26.97
1839;TEXTURAS KAPPA  600gr;Stuk;35.32
1840;TEXTURAS LECITE (300gr);Stuk;19.26
1841;TEXTURAS Lyo aardbei;Kg;125.1
1842;TEXTURAS Lyo mango;Kg;186.2
1843;TEXTURAS SUCRO (600gr);Stuk;51.82
1844;TEXTURAS XANTANA (500 gr);Stuk;27.71
1845;TEXTURAS Yopol;Kg;34.6
1846;Thaïse mini-aubergine(ravier);Stuk;6.22
1847;Thee Lipton (100 St);Doos;4.36
1848;Thee rozenbottel Lipton(100bags);100 g;7.92
1849;Tia Maria;Fles;15.85
1850;Tijm;Stuk;1.72
1851;Tijmpoeder;Kg;20.66
1852;Tiramisu à 700 gram;Stuk;12.27
1853;Titaniumdioxide;Kg;18.8
1854;Toast bruin gesneden;Stuk;3.72
1855;Toast MELBA;Stuk;1.29
1856;Toast rond HAUST (28/d);Stuk;1.16
1857;Toast vierk. HAUST (35/d);Stuk;1.16
1858;TOASTBROOD GESNEDEN;Stuk;1.34
1859;TOASTBROOD NIET GESNEDEN;Stuk;1.3
1860;TOBLERONE;Kg;14.8
1861;Tofu;Kg;8.85
1862;Tofu gerookt;Kg;8.85
1863;Tofu wiener van Taifun;Kg;1
1864;Tofu zijden;Kg;7
1865;Tom Pouce;Stuk;0.91
1866;Tom Yum pasta (zakje à 30 gr);Stuk;0.79
1867;Tomaat in blokjes 2,5kg;Stuk;8.63
1868;Tomaat mini tros geel;Kg;3.8
1869;Tomaat mini tros oranje;Kg;4.84
1870;Tomaat mini tros rood;Kg;6.64
1871;Tomaat pruneaux;Kg;3.47
1872;Tomatade (Sud 'n Sol);Kg;14.15
1873;Tomaten A;Kg;2.38
1874;Tomaten coeur de boeuf;Kg;6.42
1875;Tomaten Geel;Stuk;0.68
1876;Tomaten GEPELD (2,5kg);Stuk;2.11
1877;Tomaten groene (green zebra );Kg;8.53
1878;Tomaten KERS- (geel) potje;Stuk;1.85
1879;Tomaten KERS (rood) potje;Stuk;1.54
1880;Tomaten kers rood ovaal(ravier);Stuk;2.17
1881;Tomaten mini Berry (ravier);Stuk;5.25
1882;Tomaten oranje;Kg;5.04
1883;Tomaten zongedroogd in olie;Kg;12.06
1884;Tomaten zwarte (black russians);Kg;6.99
1885;Tomatenblokjes (blik 2,5kg);Stuk;2.88
1886;Tomatenketchup (0.75 L.);Stuk;3.3
1887;Tomatenketchup à 5 lit.;Stuk;18.85
1888;Tomatenpassata;Liter;3.77
1889;Tomatenpuree (blik à 0,5L);Stuk;0.69
1890;Tomatenpuree DV (Boiron);Kg;7.91
1891;Tomatesap;Liter;0.77
1892;Tomatino (zak à 3 L);Stuk;8.18
1893;Tomme de Savoie;Kg;16.4
1894;TONG  4/1 bruto;Stuk;4.38
1895;TONGEN 2/kg gefileerd;Stuk;1.98
1896;TONGEN 2/kg ongekuist;Stuk;10.87
1897;TONGEN 4/1 (zonder vel);Stuk;4.51
1898;TONGFILETS 4/1;Stuk;1.15
1899;TONGSCHAR (400gram);Stuk;5.71
1900;TONGSCHAR zonder vel;Stuk;4.54
1901;TONGSCHARfilet;Kg;11.47
1902;Tonic FeverTree;Fles;1.08
1903;Tonijn in olie (bokaal à 200gr);Stuk;1.67
1904;Tortilla chips (zak à 450 gr);Stuk;2.28
1905;Tortilla vellen (per stuk);Stuk;0.54
1906;Transglutaminase;Kg;99.01
1907;Trappist Orval;Fles;1.32
1908;Trappist Rochefort 10°;Fles;2.8
1909;Trappist Westmalle Dubbel;Fles;0.87
1910;Trappist Westmalle triple;Fles;0.8
1911;Trimoline;Kg;9.5
1912;Triple sec;Fles;7.37
1913;Trisol;Kg;14.63
1914;Truffel Winter (bokaaltje);Stuk;40
1915;Truffelolie;Liter;32.24
1916;Truffelolie(zwarte truffel)250ml;Stuk;8.06
1917;Truffelpasta  (WIT)3,5%;Kg;128.96
1918;Truffelpelure(90gram);Stuk;13.87
1919;Truffelsap;Liter;172.8
1920;Truffeltapenade;Kg;74.41
1921;TUC zoutkoekjes;Kg;12.8
1922;Tuinbonen (fêves);Kg;6.87
1923;Tuinkers (cressonette) potje;Stuk;1.16
1924;Turks fruit (pâte de fruits);Kg;12.34
1925;Turks pide klein;Stuk;1.08
1926;Ugli;Stuk;5.4
1927;Uien;Kg;2.04
1928;Uien PIJP-(Bot);Stuk;0.91
1929;Uien ROOD;Kg;1.52
1930;Uien wit;Kg;2.04
1931;Uien ZILVER-;Kg;3.07
1932;Uien,gedroogd,gebakken;Kg;5.4
1933;Uienpoeder;Kg;20.87
1934;UIRINGEN DV 2.5 kg;Stuk;3.82
1935;Uncle Bens BBQ saus à 2,5 L;Stuk;9.98
1936;V8 groenten-tomatensap;Liter;3.9
1937;Vacherin Mont d' Or ;Kg;22.04
1938;Vadouvan 75gr;Stuk;3.94
1939;Valencay 250g (geit);Stuk;6.35
1940;Vanille-essence;Stuk;8.17
1941;Vanillestok;Stuk;1.22
1942;Vanistar;Kg;40.75
1943;VARKEN-RUNDERGEHAKT;Kg;3.45
1944;Varkensbrochette;Stuk;1.33
1945;VARKENSFILET;Kg;9.2
1946;"VARKENSFILET ""Iberico LOMO """;Kg;14.8
1947;VARKENSGEBRAAD (heup);Kg;4.1
1948;VARKENSGEBRAAD (schouder);Kg;3.65
1949;VARKENSGEHAKT;Kg;3.45
1950;VARKENSGYROS gemarineerd;Kg;5.2
1951;VARKENSHAASJE;Stuk;3.82
1952;VARKENSHAMMETJE (noot,gepekeld);Stuk;12.8
1953;VARKENSKEELSTUK;Kg;2.1
1954;VARKENSKEELSTUK gemalen voor paté;Kg;2.35
1955;VARKENSKOTELET (150 gram);Stuk;0.66
1956;VARKENSLAPJE gepaneerd (120 g);Stuk;0.64
1957;VARKENSLAPJES;Stuk;0.56
1958;VARKENSLAPJES;Kg;4.45
1959;VARKENSLEVER;Kg;3.1
1960;VARKENSLEVER gemalen voor paté;Kg;3.1
1961;VARKENSMIGNONETTE à 130 gr;Stuk;0.76
1962;VARKENSNETJES;Kg;3.1
1963;VARKENSNIEREN;Stuk;0.78
1964;VARKENSRIBBETJES plat;Kg;6.4
1965;VARKENSRIBST.MB à 10 kôt.;Kg;21
1966;VARKENSRIBSTUK ZB;Kg;4.45
1967;VARKENSSCHENKEL;Kg;3.65
1968;VARKENSSPEK (gezouten,vers);Kg;6.1
1969;VARKENSSPEKBANDEN;Kg;3.1
1970;VARKENSSPIERING;Kg;3.65
1971;VARKENSSTAART;Stuk;0.75
1972;VARKENSTONG;Stuk;0.75
1973;VARKENSTONG;Kg;3
1974;VARKENSWANGETJES;Stuk;1.2
1975;VARKENSWANGETJES;Kg;7.2
1976;VARKENSWORST;Stuk;0.49
1977;Veenbessen gedroogd;Kg;10.01
1978;Veenbessencompote (0.5L);Stuk;2.02
1979;Veenbessengelei (375 gr.);Stuk;9.29
1980;Vegetarisch gehakt;Kg;9.54
1981;Vegetarische braadworst 90 gr Beckers;Stuk;0.87
1982;Vegetarische loempia à 100 gram ;Stuk;0.75
1983;Veggie burger tofu caprese à 95 gr;Stuk;1.41
1984;VEGGIEBURGER SOUTHERN STYLE QUORN;Stuk;0.54
1985;Vene-cress;Stuk;1.62
1986;Venkel;Stuk;1.65
1987;Venkelzaad;Kg;5.91
1988;VENUSSCHELP;Kg;12.45
1989;Verbena(ijzerkruid) VERS;Kg;5.12
1990;Verjus ;Stuk;11.95
1991;Vermicelli (250 gr.);Stuk;0.56
1992;Verse kerriebladeren;Stuk;2.25
1993;Ve-tsin;Kg;8.7
1994;Vierkruiden;Kg;8.49
1995;Vierpepermengeling;Kg;56
1996;Vijgen;Stuk;0.89
1997;Vijgen gedroogd 250g (ravier);Stuk;1.75
1998;Vijgenconfituur;Kg;7.17
1999;Vijgenpuree (Boiron);Liter;7.24
2000;Viooltjes (bloemen)RAVIER;Stuk;7.69
2001;Visbouillon (Knorr -1Kg. );Stuk;13.25
2002;Visfumet (Knorr brick);Liter;4.78
2003;Vissaus;Liter;3.3
2004;VLASWIJTING BRUTO;Kg;9.85
2005;VLASWIJTING(filet);Kg;17.43
2006;Vleesbouillon (Knorr - 1 Kg);Stuk;12.64
2007;VOGELS ZONDER KOP 130 gr;Stuk;0.83
2008;Vol au vent (vers bereid);Kg;6.8
2009;Volkorenbeschuit;Stuk;3.93
2010;Volkorenbrood (gesneden);Stuk;1.22
2011;VONGOLE VERACI ;Kg;13.25
2012;Vruchtensap Tropical;Liter;0.97
2013;Wafels (gist) diepvries;Stuk;0.51
2014;Wakame gedroogd;Kg;33.74
2015;Wakame sesamolie (zeewiersla);Kg;22.67
2016;Waldkornpuntje;Stuk;0.57
2017;Walnoten (gedroogd);Kg;17.43
2018;Warmoes (snijbiet,bette);Kg;4.95
2019;Wasabi Furikaki;Kg;108.88
2020;Wasabipoeder;Kg;132.5
2021;Wasabitube;Stuk;2.25
2022;Waterkers (cresson) bundel;Stuk;2
2023;Watermeloen;Stuk;9.72
2024;Watou;Kg;9.92
2025;Weense Worstjes . 0.5l;Stuk;0.6
2026;Whisky Bourbon;Liter;35.7
2027;Whisky Jack Daniels;Fles;29.08
2028;Whisky Jameson;Fles;24.01
2029;Whisky keuken;Fles;10.86
2030;Whisky Malt;Fles;67.82
2031;Wijn rood (bereidingen);Fles;2
2032;Wijn rood (keuken);Fles;2
2033;WIJN ROOD BIO;Fles;6.3
2034;Wijn Shao shin;Fles;2
2035;Wijn wit  (keuken);Fles;2
2036;WIJN WIT BIO;Liter;6.6
2037;Wijngaardperzik;Stuk;2
2038;Wijnsteenzuurpoeder;Stuk;10
2039;WILD Afval;Kg;3.4
2040;Wildfonds;Kg;22.67
2041;Witbier (blanche);Stuk;0.5
2042;Witlof;Stuk;0.46
2043;Witlof;Kg;2.32
2044;Witlof rood;Stuk;1.36
2045;Witte truffelolie;Stuk;8.06
2046;Wodka;Fles;18.27
2047;Wodka citroen;Liter;24.62
2048;Wontonvellen;pak;2.33
2049;WORST BLOED-;Stuk;1.35
2050;WORST CHIPOLATA;Stuk;0.66
2051;WORST droog;Stuk;0.72
2052;WORST droog Bistro;Kg;9.6
2053;WORST LOOK;Stuk;1.2
2054;WORST MERGUEZ;Stuk;0.98
2055;WORST Montbeliard;Stuk;1.23
2056;WORST WITTE;Stuk;1.02
2057;WORST WITTE (Luikse);Stuk;1.28
2058;Worstjes(Elzas);Stuk;1.08
2059;Wortegemse jenever;Liter;7.61
2060;Wortel - pastinaak frietjes (DV 2,5 kg);Stuk;7.05
2061;Wortel winterpeen ;Stuk;0.61
2062;Wortelen;Kg;0.54
2063;Wortelen gele;Stuk;0.81
2064;Wortelen geraspt;Kg;1.8
2065;Wortelen JONGE (bundel);Stuk;1.69
2066;Wortelen JONGE DV (2.5 K);Stuk;2.97
2067;Wortelen zwarte;Stuk;0.95
2068;Wortelsap;Liter;3.59
2069;Wynendaele;Kg;21.49
2070;Xocopili (valrhona);Kg;25.83
2071;Yoghurt acide (Sosa) Yopol;Kg;34.6
2072;Yoghurt ferment;Kg;1
2073;Yoghurt Griekse;Kg;4.89
2074;Yoghurt mager bio;Liter;3.2
2075;Yoghurt Soja;Liter;4.7
2076;Yoghurt vol 0,5 liter;Stuk;1.71
2077;Yuzu poeder;Kg;1217.78
2078;Yuzu sap;Liter;142.3
2079;ZALM  3/4 BRUTO;Kg;7.16
2080;Zalm blik à 2,3 liter;Stuk;19.51
2081;ZALM gerookt  (long sliced);Kg;35.58
2082;ZALM gerookt (voorgesneden);Kg;20.14
2083;ZALM gerookt niet voorgesneden;Kg;19.28
2084;Zalm in eigen nat blik (2L);Stuk;17.07
2085;ZALMEITJES . 50 gr;Stuk;5.7
2086;Zalmfilet (porties à 120 gr);Stuk;1.64
2087;Zalmfilet (porties à 50 gram );Stuk;0.63
2088;ZALMFILET 3/4 met vel;Kg;11.89
2089;ZALMFILET 3/4 zonder vel;Kg;13.03
2090;ZALMFOREL BRUTO  600/900;Stuk;7.64
2091;ZALMFOREL FILET;Kg;8.95
2092;ZALMMOOT à 240 gr;Stuk;2.27
2093;Zandkoekje;Stuk;0.58
2094;ZEEBAARS BRUTO (400/600) ontschubd;Kg;9.14
2095;ZEEBAARS FILET (400/600) met vel;Stuk;2.28
2096;ZEEBAARS FILET (400/600) met vel;Kg;9.1
2097;Zeebes Umibudo(zakje à 100 gram);Stuk;20.85
2098;ZEEDUIVEL  baby ;Stuk;2.8
2099;Zeeduivel (WANGEN);Kg;17.15
2100;ZEEDUIVEL 1/2 BRUTO ;Kg;18.29
2101;ZEEDUIVELFILET 1/2;Kg;19.56
2102;ZEEegel;Stuk;1.17
2103;Zeeegelpasta;Stuk;4.53
2104;"Zeekraal ""Passe Piere""";Kg;18.71
2105;Zeesla(laitue de mer);Kg;28.55
2106;Zeevenkel cress;Stuk;8.76
2107;Zeewier ;Kg;3.7
2108;Zeewiersla Japans ;Stuk;3.4
2109;Zeewiervlokken (aonori groene zeewier);Kg;1
2110;ZEEWOLF BRUTO;Kg;9.95
2111;ZEEWOLFFILET;Kg;9.95
2112;ZEEWOLFFILET (ontvliesd !!)Porties à 120 gr;Stuk;1.25
2113;Zilverblaadjes;Stuk;0.94
2114;Zilveruitjes DV  (zak à 2,5 Kg);Stuk;5.28
2115;Zilveruitjes op azijn (kleine à 2 L);Stuk;7.85
2116;Zoete witte wijn;Fles;5.25
2117;Zoethout infusie;Kg;1
2118;Zoet-zure saus Uncle Bens 2lit;Stuk;11.18
2119;Zonnebloemolie;Fles;2.19
2120;Zonnebloempitten;Kg;3.85
2121;ZONNEVIS BRUTO;Kg;22.26
2122;ZONNEVISFILET;Kg;22.26
2123;Zout (tafel);Kg;1.15
2124;Zout Colorozo (pekel);Kg;2.37
2125;Zout Deens Piramide gerookt;Kg;71.71
2126;Zout Fleur de sel;Kg;6.94
2127;Zout Himalaya (grof);Kg;13.58
2128;Zout Maldon;Kg;17.32
2129;Zout Perzisch blauw;Kg;38.66
2130;Zout zee (grof);Kg;1.38
2131;ZUIGLAM ( Bout);Kg;5.1
2132;Zuring;Kg;23.07
2133;Zuring ROOD;Kg;50
2134;Zusto;Kg;9.34
2135;Zuurdesem breekbroodjes (pak à 20 stuk);pak;2.86
2136;Zuurdesembrood klein;Stuk;1.74
2137;Zuurkool;Kg;2.12
2138;Zuurkool vers niet bereid(emmertje);Stuk;8.23
2139;ZWAARDVIS;Kg;19.19
2140;Zwarte bessen cassis (diepvries);Kg;8.72
2141;Zwarte kersenpuree (Boiron);Liter;9.23
2142;Zwarte pruimen z.pit;Kg;8.18
2143;Zwarte thee met Bergamote;Kg;44.05
2144;Zwarte truffelpasta;Kg;89.33
2145;Zwarte woudham(gerookt-plak);Kg;21.8
2146;ZWITSERSE SCHIJVEN;Stuk;0.85
2147;ei;100 g;0.2
